{"name":"t:sections.footer.name","type":"footer","sections":{"newsletter_NwiTJX":{"type":"newsletter","settings":{"color_scheme":"scheme-3","full_width":true,"padding_top":40,"padding_bottom":52}},"footer":{"type":"footer","blocks":{"footer-0":{"type":"link_list","settings":{"heading":"Contact Us","menu":"our-store-address"}},"footer-1":{"type":"link_list","settings":{"heading":"Customer Service","menu":"footer"}},"link_list_inFGBQ":{"type":"link_list","settings":{"heading":"Quick Links","menu":"quick-links"}},"footer-2":{"type":"text","settings":{"heading":"The Ailsas.com Experience","subtext":"<p><strong>Unique Shopping<\/strong>: <br\/>Discover a curated selection <br\/>of premium, high-quality wigs tailored to your <br\/>needs.<br\/><strong>Expert Guidance<\/strong>: Our Wig <br\/>Experts offer unparalleled <br\/>knowledge for every wearer.<br\/><strong>Hassle-Free Returns<\/strong>: Enjoy 30-day, £0 restocking fee <br\/>returns with speedy refunds <br\/>and prepaid labels.<br\/><\/p><p><\/p><p><\/p><p><\/p>"}}},"block_order":["footer-0","footer-1","link_list_inFGBQ","footer-2"],"custom_css":[".svg-wrapper {width: 28px; height: 28px;}",".footer-block--newsletter {margin-top: 2rem;}",".footer__content-top {padding-bottom: 3rem;}",".footer__content-bottom {padding-top: 1rem;}",".footer-block__details-content p {font-size: 1.2rem;}","@media screen and (max-width: 767px) {.footer-block__details-content .list-menu__item--link {font-size: 1.2rem; line-height: 1.2rem; }}","@media screen and (max-width: 767px) {.footer-block__heading {margin-bottom: 0.4rem; }}","@media screen and (max-width: 767px) {.footer-block__details-content {margin: 0 0 2rem 0; }}"],"settings":{"color_scheme":"background-1","newsletter_enable":false,"newsletter_heading":"Subscribe to our emails","enable_follow_on_shop":true,"show_social":true,"enable_country_selector":false,"enable_language_selector":false,"payment_enable":true,"show_policy":true,"margin_top":0,"padding_top":28,"padding_bottom":16}}},"order":["newsletter_NwiTJX","footer"]}