{"name":"t:sections.header.name","type":"header","sections":{"announcement-bar":{"type":"announcement-bar","blocks":{"announcement-bar-0":{"type":"announcement","settings":{"text":"UK-Wide Free Shipping · Fast Delivery.*See Shipping Policy","link":""}}},"block_order":["announcement-bar-0"],"custom_css":[".announcement-bar__message {padding: 0; line-height: 2rem; min-height: 2rem;}",".utility-bar {padding: 0px 0;}","@media (max-width: 768px) {.announcement-bar__message {font-size: 9.5px !important; \/* 针对手机端的特定字体大小 *\/ width: 100%; } .utility-bar__grid {padding-left: 1rem; padding-right: 1rem; }}"],"settings":{"color_scheme":"","show_line_separator":true,"show_social":false,"auto_rotate":false,"change_slides_speed":5,"enable_country_selector":false,"enable_language_selector":false}},"header":{"type":"header","custom_css":[".header__inline-menu {margin-top: 1.4rem; margin-left: 0rem; margin-bottom: 1rem;}",".header {padding-top: 16px;}",".mega-menu__link {font-size: 1.4rem; font-weight: 500;}",".list-unstyled {font-weight: 500;}",".header__menu-item {padding: 0rem; padding-right: 2.7rem;}",".header__menu-item .icon-caret {right: 1.5rem;}",".header__menu-item span {text-transform: uppercase; font-size: 1.4rem; font-weight: 600; color: #000;}",".mega-menu__link--level-2 {text-transform: uppercase; font-weight: 600;}",".gradient {border-bottom: 1px solid #f9f9f9;}"],"settings":{"logo_position":"top-left","menu":"main-menu","menu_type_desktop":"mega","sticky_header_type":"none","show_line_separator":false,"color_scheme":"background-1","menu_color_scheme":"","enable_country_selector":false,"enable_language_selector":false,"enable_customer_avatar":true,"mobile_logo_position":"center","margin_bottom":0,"padding_top":0,"padding_bottom":0}}},"order":["announcement-bar","header"]}