{"sections":{"main":{"type":"main-article","blocks":{"featured_image":{"type":"featured_image","disabled":true,"settings":{"image_height":"adapt"}},"title":{"type":"title","settings":{"blog_show_date":true,"blog_show_author":false}},"share":{"type":"share","settings":{"share_label":"Share"}},"content":{"type":"content","settings":{}}},"block_order":["featured_image","title","share","content"],"custom_css":["@media screen and (max-width: 767px) {.article-template__title {font-size: 1.6rem; } .article-template__content h2, , h1 {font-size: 1.2rem; } .article-template__content p {font-size: 1rem; }}","@media screen and (min-width: 768px) {.article-template__title {font-size: 2rem; } .article-template__content h2, , h1 {font-size: 1.4rem; } .article-template__content p {font-size: 1.2rem; }}"],"settings":{}},"newsletter_3R9Q9h":{"type":"newsletter","blocks":{"paragraph_WdY9bn":{"type":"paragraph","settings":{"text":"<p>Sign up for exclusive discounts and stay in the know<\/p>"}},"email_form_3BRpAR":{"type":"email_form","settings":{}}},"block_order":["paragraph_WdY9bn","email_form_3BRpAR"],"settings":{"color_scheme":"scheme-4","full_width":true,"padding_top":40,"padding_bottom":52}}},"order":["main","newsletter_3R9Q9h"]}