{"sections":{"main":{"type":"main-blog","custom_css":["@media screen and (max-width: 767px) {.card__content .card__information h3 {font-size: 1.6rem; } .card__content .card__information .article-card__excerpt {font-size: 1.2rem; }}","@media screen and (min-width: 768px) {.card__content .card__information h3 {font-size: 1.8rem; } .card__content .card__information .article-card__excerpt {font-size: 1.4rem; }}"],"settings":{"layout":"grid","show_image":true,"image_height":"medium","show_date":true,"show_author":false,"padding_top":0,"padding_bottom":36}},"rich_text_YPwiCh":{"type":"rich-text","blocks":{"text_KnciCq":{"type":"text","settings":{"text":"<p>Sign up for exclusive discounts and stay in the know<\/p>"}},"button_NXrGhK":{"type":"button","settings":{"button_label":"SUBSCRIBE & SAVE!","button_link":"","button_style_secondary":false,"button_label_2":"","button_link_2":"","button_style_secondary_2":false}}},"block_order":["text_KnciCq","button_NXrGhK"],"custom_css":[".isolate .content-container {padding-top: 20px; padding-bottom: 16px;}",".rich-text__buttons {margin-top: 1.8rem;}",".isolate .button {min-height: calc(3.8rem + var(--buttons-border-width) * 2);}",".rich-text__blocks .inline-richtext {font-size: calc(var(--font-heading-scale) * 2rem);}"],"settings":{"desktop_content_position":"center","content_alignment":"center","color_scheme":"scheme-4","full_width":true,"padding_top":40,"padding_bottom":52}}},"order":["main","rich_text_YPwiCh"]}