{"sections":{"banner":{"type":"main-collection-banner","custom_css":[".collection-hero__description {max-width: 100%;}",".collection-hero__text-wrapper .collection-hero__title {font-size: calc(var(--font-heading-scale) * 2rem); margin: 1.4rem 0; text-align: center;}",".expand-button {width: 16%; background-color: #8463d8;}",".expand-button:hover {background-color: #523799;}","@media screen and (max-width: 767px) {.collection-hero__description {font-size: 1.2rem !important; }}","@media screen and (min-width: 768px) {.collection-hero__description {font-size: 1.4rem !important; }}",".rte {max-height: 423px;}"],"settings":{"show_collection_description":true,"show_collection_image":false,"color_scheme":"scheme-1"}},"product-grid":{"type":"main-collection-product-grid","custom_css":[],"settings":{"products_per_page":12,"columns_desktop":4,"color_scheme":"","image_ratio":"adapt","image_shape":"default","show_secondary_image":false,"show_vendor":true,"show_rating":false,"quick_add":"none","enable_filtering":true,"filter_type":"vertical","enable_sorting":true,"columns_mobile":"2","padding_top":36,"padding_bottom":36}},"collapsible_content_kWeKhG":{"type":"collapsible-content","blocks":{"collapsible_row_YbMTQR":{"type":"collapsible_row","settings":{"heading":"What type of wig looks the most natural?","icon":"none","row_content":"<p><\/p><p>Thanks to the latest advancements in fibre technology and craftsmanship, our wigs are designed to feel and look incredibly natural. To achieve the most natural look, we recommend <a href=\"\/collections\/lace-front-wig\" target=\"_blank\" title=\"Lace Front Wigs\"><em><strong>Lace Front Wigs<\/strong><\/em><\/a> and <a href=\"\/collections\/monofilament-wigs\" target=\"_blank\" title=\"Monofilament Wigs\"><em><strong>Monofilament Wigs<\/strong><\/em><\/a>. These wigs offer a seamless hairline and realistic blending with your scalp. If you're looking for enhanced realism, <strong>lace front wigs<\/strong> with breathable lace or <strong>monofilament designs<\/strong> with ultra-soft caps are ideal choices.<br\/><br\/><\/p>","page":""}},"collapsible_row_gtGjWJ":{"type":"collapsible_row","settings":{"heading":"Should I choose synthetic or human hair?","icon":"none","row_content":"<p><\/p><p>Both <strong>synthetic<\/strong> and <strong>human hair wigs<\/strong> offer distinct advantages. <a href=\"\/collections\/human-hair-wigs\" target=\"_blank\" title=\"Human Hair Wigs\"><em><strong>Human hair wigs<\/strong><\/em><\/a> provide ultimate versatility, allowing you to style them just like natural hair. They are long-lasting and can handle heat styling for a variety of looks. On the other hand, <a href=\"\/collections\/synthetic-wigs\" target=\"_blank\" title=\"Synthetic Wigs\"><em><strong>synthetic wigs<\/strong><\/em><\/a> are low-maintenance, retaining their style with minimal effort and offering a more affordable option. We offer a wide range of both <strong>synthetic and human hair wigs<\/strong> to suit different needs and preferences.<\/p>","page":""}},"collapsible_row_eGFVdy":{"type":"collapsible_row","settings":{"heading":"What is the difference between lace front, monofilament, and basic wefted wigs?","icon":"none","row_content":"<p><\/p><p><a href=\"\/collections\/lace-front-wig\" target=\"_blank\" title=\"Lace Front Wigs\"><em><strong>Lace front wigs<\/strong><\/em><\/a> feature a delicate lace material at the hairline, creating a natural, undetectable blend with your scalp. <a href=\"\/collections\/monofilament-wigs\" target=\"_blank\" title=\"Monofilament Wigs\"><em><strong>Monofilament wigs<\/strong><\/em><em> <\/em><\/a>use a mesh material at the top of the cap for breathability and lightweight comfort, ideal for sensitive scalps. <a href=\"\/collections\/basic-wefted-wigs\" target=\"_blank\" title=\"Basic Wefted Wigs\"><em><strong>Basic wefted wigs<\/strong><\/em><\/a> are machine-made with an open-weft construction, offering durability and a secure fit. Choose based on the comfort, realism, and flexibility you need.<br\/><br\/><\/p>","page":""}},"collapsible_row_CfJMft":{"type":"collapsible_row","settings":{"heading":"How do I choose the right wig if it’s my first time?","icon":"none","row_content":"<p><\/p><p>Choosing your first wig can be exciting! Start by thinking about the look you want—whether it’s a bold new style or something more natural. Consider factors like <strong>wig type<\/strong> (lace front, monofilament, synthetic, or human hair), <strong>cap size<\/strong>, and <strong>colour<\/strong>. If you're unsure, take a look at our <em><strong>wig buying guide<\/strong><\/em> for detailed recommendations and tips to help you make the right choice.<br\/><br\/><\/p>","page":""}},"collapsible_row_weyPjr":{"type":"collapsible_row","settings":{"heading":"How do I choose the right colour online?","icon":"none","row_content":"<p><\/p><p>Choosing the right colour online can be tricky, but we recommend starting by checking the <strong>product details<\/strong> and <strong>real-life product images<\/strong>. If you’re new to wearing wigs, we suggest opting for a colour that closely matches your natural hair or one you already know suits you well. Our <strong>colour guide<\/strong> on each product page can also help you find the perfect match. If you're still unsure, our customer service team is always ready to assist you.<br\/><br\/><\/p>","page":""}},"collapsible_row_hE8ckx":{"type":"collapsible_row","settings":{"heading":"What wig cap size do most people wear?","icon":"none","row_content":"<p><\/p><p>The most common wig cap size is <strong>22.5 inches<\/strong> (medium). However, all of our wigs come with <strong>adjustable straps<\/strong> to accommodate different head sizes, ensuring a comfortable and secure fit for most customers.<br\/><br\/><\/p>","page":""}},"collapsible_row_C4ynG3":{"type":"collapsible_row","settings":{"heading":"Is Ailsas suitable for sensitive scalps?","icon":"none","row_content":"<p><\/p><p>Yes! Many of our wigs, including <strong>monofilament wigs<\/strong> and <strong>lace front wigs<\/strong>, are designed with comfort in mind, offering breathability and softness, making them ideal for sensitive scalps. For added comfort, we recommend wearing a <strong>wig cap<\/strong> underneath, especially if you have more sensitive skin.<br\/><br\/><\/p>","page":""}},"collapsible_row_nKqqrm":{"type":"collapsible_row","settings":{"heading":"How do I wash and care for my wig?","icon":"none","row_content":"<p><\/p><p>To maintain your wig's quality, wash <strong>synthetic wigs<\/strong> with cool water and mild shampoo, avoiding rubbing. For <strong>human hair wigs<\/strong>, treat them like natural hair, using a gentle shampoo and conditioner. Always store your wig on a stand to preserve its shape and avoid high heat unless specified for synthetic styles. For more care tips, check our <em><strong>Wig Care Guide<\/strong><\/em>.<br\/><br\/><\/p>","page":""}},"collapsible_row_LRQcbA":{"type":"collapsible_row","settings":{"heading":"Where is Ailsas located, and do you offer try-on services?","icon":"none","row_content":"<p><\/p><p>Ailsas is located at <strong>Unit 8, Cameron Toll Shopping Centre, Edinburgh, EH16 5PB, United Kingdom<\/strong>. We offer a <a href=\"https:\/\/www.ailsas.com\/pages\/book-wig-try-on\" target=\"_blank\" title=\"Booking wig try-ons in Edinburgh\"><em><strong>booking wig try-on service <\/strong><\/em><\/a>in-store, where you can schedule an appointment to get personalized advice from our expert stylists to help you find the perfect wig.<br\/><br\/><\/p>","page":""}},"collapsible_row_ftifEW":{"type":"collapsible_row","settings":{"heading":"What is your delivery and return policy?","icon":"none","row_content":"<p><\/p><p>We offer <strong>free UK-wide shipping<\/strong>, with most orders arriving within <strong>1-3 business days<\/strong>. If you’re not completely satisfied, we accept <strong>returns within 30 days<\/strong>, as long as the wig is in its original condition. You can find more information about our <a href=\"https:\/\/www.ailsas.com\/pages\/shipping-policy\" target=\"_blank\" title=\"Shipping policy\"><em><strong>Shipping<\/strong><\/em><\/a><strong> and <\/strong><a href=\"https:\/\/www.ailsas.com\/pages\/return-and-exchange-policy\" target=\"_blank\" title=\"Return Policy\"><em><strong>Return Policy<\/strong><\/em><\/a> on our website.<br\/><br\/><\/p>","page":""}}},"block_order":["collapsible_row_YbMTQR","collapsible_row_gtGjWJ","collapsible_row_eGFVdy","collapsible_row_CfJMft","collapsible_row_weyPjr","collapsible_row_hE8ckx","collapsible_row_C4ynG3","collapsible_row_nKqqrm","collapsible_row_LRQcbA","collapsible_row_ftifEW"],"custom_css":["@media screen and (max-width: 767px) {.grid__item .accordion__title {font-size: 1.4rem; } .accordion__content p {font-size: 1.2rem; }}","@media screen and (min-width: 768px) {.grid__item .accordion__title {font-size: 1.6rem; margin-left: 0.6rem; } .accordion__content p {font-size: 1.4rem; }}"],"settings":{"caption":"","heading":"FAQs","heading_size":"h1","heading_alignment":"center","layout":"none","color_scheme":"","container_color_scheme":"","open_first_collapsible_row":false,"image_ratio":"adapt","desktop_layout":"image_second","padding_top":36,"padding_bottom":36}},"rich_text_t3B9FC":{"type":"rich-text","blocks":{"heading_WD8rLh":{"type":"heading","settings":{"heading":"Sign up for exclusive discounts and stay in the know","heading_size":"h1"}},"button_QyUqgc":{"type":"button","settings":{"button_label":"SUBSCRIBE & SAVE!","button_link":"","button_style_secondary":true,"button_label_2":"","button_link_2":"","button_style_secondary_2":false}}},"block_order":["heading_WD8rLh","button_QyUqgc"],"disabled":true,"custom_css":[".isolate .content-container {padding-top: 20px; padding-bottom: 16px;}",".rich-text__buttons {margin-top: 1.8rem;}",".isolate .button {min-height: calc(3.8rem + var(--buttons-border-width) * 2);}",".rich-text__blocks .inline-richtext {font-size: calc(var(--font-heading-scale) * 2rem);}"],"settings":{"desktop_content_position":"center","content_alignment":"center","color_scheme":"scheme-3","full_width":true,"padding_top":40,"padding_bottom":52}},"newsletter_cJiANU":{"type":"newsletter","blocks":{"heading_3Fexa7":{"type":"heading","disabled":true,"settings":{"heading":"Subscribe to our emails","heading_size":"h1"}},"paragraph_R7gnhW":{"type":"paragraph","settings":{"text":"<p>Sign up for exclusive discounts and stay in the know<\/p>"}},"email_form_cwGji9":{"type":"email_form","settings":{}}},"block_order":["heading_3Fexa7","paragraph_R7gnhW","email_form_cwGji9"],"settings":{"color_scheme":"scheme-4","full_width":true,"padding_top":40,"padding_bottom":52}}},"order":["banner","product-grid","collapsible_content_kWeKhG","rich_text_t3B9FC","newsletter_cJiANU"]}