{"sections":{"slideshow_EGDmVP":{"type":"slideshow","blocks":{"slide_9Xn8DF":{"type":"slide","settings":{"image":"shopify:\/\/shop_images\/pc-Christmas-Sale-11.27.jpg","heading":"","heading_size":"h1","subheading":"","button_label":"","link":"shopify:\/\/collections\/all-wigs","button_style_secondary":false,"box_align":"middle-center","show_text_box":false,"text_alignment":"center","image_overlay_opacity":0,"color_scheme":"scheme-1","text_alignment_mobile":"center"}},"slide_CRtLGN":{"type":"slide","settings":{"image":"shopify:\/\/shop_images\/pc-Christmas-Sale-11.27-1.jpg","heading":"","heading_size":"h1","subheading":"","button_label":"","link":"shopify:\/\/collections\/short-wigs","button_style_secondary":false,"box_align":"middle-center","show_text_box":false,"text_alignment":"center","image_overlay_opacity":0,"color_scheme":"scheme-1","text_alignment_mobile":"center"}},"slide_KR4pyx":{"type":"slide","disabled":true,"settings":{"image":"shopify:\/\/shop_images\/banner-wig-bundle-gift-campaign.jpg","heading":"","heading_size":"h1","subheading":"","button_label":"","link":"shopify:\/\/pages\/wig-bundle-gift-campaign","button_style_secondary":false,"box_align":"middle-center","show_text_box":false,"text_alignment":"center","image_overlay_opacity":0,"color_scheme":"","text_alignment_mobile":"center"}},"slide_PBePEe":{"type":"slide","disabled":true,"settings":{"image":"shopify:\/\/shop_images\/banner-ugc-cashback-campaign.jpg","heading":"","heading_size":"h1","subheading":"","button_label":"","link":"shopify:\/\/pages\/ugc-cashback-campaign","button_style_secondary":false,"box_align":"middle-center","show_text_box":false,"text_alignment":"center","image_overlay_opacity":0,"color_scheme":"","text_alignment_mobile":"center"}}},"block_order":["slide_9Xn8DF","slide_CRtLGN","slide_KR4pyx","slide_PBePEe"],"custom_css":["@media screen and (max-width: 767px) {.banner {display: none; }}",".slideshow__media a {pointer-events: auto !important; \/* 确保 a 标签能响应点击 *\/ z-index: 3; \/* 确保 a 标签在最上面 *\/}"],"settings":{"layout":"full_bleed","slide_height":"adapt_image","slider_visual":"counter","auto_rotate":true,"change_slides_speed":3,"image_behavior":"none","show_text_below":true,"accessibility_info":"Slideshow about our brand"}},"slideshow_8PtBT4":{"type":"slideshow","blocks":{"slide_BVapng":{"type":"slide","settings":{"image":"shopify:\/\/shop_images\/APP-Christmas-Sale-11.27.jpg","heading":"","heading_size":"h1","subheading":"","button_label":"","link":"shopify:\/\/collections\/all-wigs","button_style_secondary":false,"box_align":"middle-center","show_text_box":false,"text_alignment":"center","image_overlay_opacity":0,"color_scheme":"scheme-1","text_alignment_mobile":"center"}},"slide_bCD4px":{"type":"slide","settings":{"image":"shopify:\/\/shop_images\/APP-Christmas-Sale-11.27-1.jpg","heading":"","heading_size":"h1","subheading":"","button_label":"","link":"shopify:\/\/collections\/short-wigs","button_style_secondary":false,"box_align":"middle-center","show_text_box":false,"text_alignment":"center","image_overlay_opacity":0,"color_scheme":"scheme-1","text_alignment_mobile":"center"}}},"block_order":["slide_BVapng","slide_bCD4px"],"custom_css":["@media screen and (min-width: 768px) {.banner {display: none; }}",".slideshow__controls {display: none;}",".slideshow__media a {pointer-events: auto !important; \/* 确保 a 标签能响应点击 *\/ z-index: 3; \/* 确保 a 标签在最上面 *\/}",".slideshow__media img {width: 100%;}",".slider-buttons {display: none !important;}",".banner_app {padding: 0 0rem;}"],"settings":{"layout":"full_bleed","slide_height":"adapt_image","slider_visual":"dots","auto_rotate":true,"change_slides_speed":3,"image_behavior":"none","show_text_below":false,"accessibility_info":""}},"multicolumn_Jnc4jD":{"type":"multicolumn","blocks":{"column_MFBTyW":{"type":"column","settings":{"image":"shopify:\/\/shop_images\/transportation.svg","title":"<a href=\"\/pages\/shipping-policy\" title=\"Shipping policy\">Free Shipping*<\/a>","text":"<p><a href=\"\/pages\/shipping-policy\" title=\"Shipping policy\">UK-Wide Free Shipping<\/a><\/p>","link_label":"","link":"shopify:\/\/pages\/shipping-policy"}},"column_x6497B":{"type":"column","settings":{"image":"shopify:\/\/shop_images\/Mail1.svg","title":"Book Wig Try-On","text":"<p><a href=\"\/pages\/free-wig-try-on\" title=\"Free Wig Try-On in Edinburgh | Book Your Appointment Today - Ailsa's Wigs\">Free wig trial<\/a><\/p>","link_label":"","link":"shopify:\/\/pages\/book-wig-try-on"}},"column_A6YRFh":{"type":"column","settings":{"image":"shopify:\/\/shop_images\/Returns2.svg","title":"<a href=\"\/pages\/return-and-exchange-policy\" title=\"Return And Exchange Policy\">30 Days Returns<\/a>","text":"<p><a href=\"\/pages\/return-and-exchange-policy\" title=\"Return And Exchange Policy\">Easy & No Restocking Fees<\/a><\/p>","link_label":"","link":"shopify:\/\/pages\/return-and-exchange-policy"}}},"block_order":["column_MFBTyW","column_x6497B","column_A6YRFh"],"custom_css":[".multicolumn-card-spacing {width: 50px; margin: auto;}",".multicolumn-card__info {padding-top: 1rem; padding-bottom: 1rem;}",".rte p a {color: #666;}",".inline-richtext a {font-weight: bold;}","@media screen and (max-width: 989px) {.grid--1-col-tablet-down .grid__item {max-width: calc(50% - var(--grid-mobile-horizontal-spacing) \/ 2); width: calc(25% - var(--grid-mobile-horizontal-spacing) * 3 \/ 4); } .multicolumn-card__info {padding-left: 0; padding-right: 0; font-size: 12px; } .multicolumn-list h3 {font-size: 12px; }}"],"settings":{"title":"","heading_size":"h1","image_width":"full","image_ratio":"adapt","columns_desktop":3,"column_alignment":"center","background_style":"none","button_label":"","button_link":"","color_scheme":"","columns_mobile":"1","swipe_on_mobile":false,"padding_top":20,"padding_bottom":20}},"image_banner_XWcjfq":{"type":"image-banner","custom_css":["@media screen and (max-width: 768px) {.blog_app {display: none; }}"],"settings":{"image":"shopify:\/\/shop_images\/banner_Essential_Wig_Care_Tips.jpg","banner_link":"shopify:\/\/pages\/essential-wig-care-tips","image_height":"medium","desktop_content_position":"middle-center","desktop_content_alignment":"center","color_scheme":"background-1","stack_images_on_mobile":true,"show_text_box":true,"image_overlay_opacity":0,"mobile_content_alignment":"center","show_text_below":true,"image_behavior":"none"}},"image_banner_7T4jwQ":{"type":"image-banner","custom_css":["@media screen and (min-width: 768px) {.blog_app {display: none; }}"],"settings":{"image":"shopify:\/\/shop_images\/banner_Essential_Wig_Care_Tips_app.jpg","banner_link":"shopify:\/\/pages\/essential-wig-care-tips","image_height":"medium","desktop_content_position":"middle-center","desktop_content_alignment":"center","color_scheme":"background-1","stack_images_on_mobile":true,"show_text_box":true,"image_overlay_opacity":0,"mobile_content_alignment":"center","show_text_below":true,"image_behavior":"none"}},"featured_collection_YxddCw":{"type":"featured-collection","custom_css":[".card--card,.card--standard .card__inner {--ratio-percent: 148.333333% !important;}"],"settings":{"title":"Trending  wig styles","heading_size":"h1","description":"","show_description":false,"description_style":"body","collection":"trending-wigs","products_to_show":4,"columns_desktop":4,"full_width":false,"show_view_all":true,"view_all_style":"solid","enable_desktop_slider":true,"color_scheme":"","image_ratio":"adapt","image_shape":"default","show_secondary_image":false,"show_vendor":false,"show_rating":false,"quick_add":"none","columns_mobile":"2","swipe_on_mobile":false,"padding_top":36,"padding_bottom":36}},"tabs_products_6QURGn":{"type":"tabs-products","blocks":{"tab_cwF4zf":{"type":"tab","settings":{"tab_title":"Ailsa's Wigs","collection":"brands-ailsas-wigs","products_to_show":8,"columns_desktop":4,"columns_mobile":"2"}},"tab_pYwyib":{"type":"tab","settings":{"tab_title":"Rieker Wigs","collection":"brands-rieker-wigs","products_to_show":8,"columns_desktop":4,"columns_mobile":"2"}},"tab_LgyjG8":{"type":"tab","settings":{"tab_title":"ECCO Hair","collection":"brands-ecco-hair","products_to_show":8,"columns_desktop":4,"columns_mobile":"2"}},"tab_eFjrX4":{"type":"tab","settings":{"tab_title":"Lewis&Ailsa","collection":"brands-lewis-and-ailsa","products_to_show":8,"columns_desktop":4,"columns_mobile":"2"}},"tab_WkUbaj":{"type":"tab","settings":{"tab_title":"Rieker Shoes","collection":"rieker-shoes","products_to_show":8,"columns_desktop":4,"columns_mobile":"2"}},"tab_hAEUAn":{"type":"tab","settings":{"tab_title":"ECCO Shoes","collection":"ecco-shoes","products_to_show":8,"columns_desktop":4,"columns_mobile":"2"}},"tab_JzUTqA":{"type":"tab","settings":{"tab_title":"Skechers Shoes","collection":"skechers-shoes","products_to_show":8,"columns_desktop":4,"columns_mobile":"2"}},"tab_LNwbQG":{"type":"tab","settings":{"tab_title":"Solovair Shoes","collection":"solovair-shoes","products_to_show":8,"columns_desktop":4,"columns_mobile":"2"}}},"block_order":["tab_cwF4zf","tab_pYwyib","tab_LgyjG8","tab_eFjrX4","tab_WkUbaj","tab_hAEUAn","tab_JzUTqA","tab_LNwbQG"],"name":"选项卡商品","settings":{"section_title":"Brands","heading_size":"h2","color_scheme":"","full_width":false,"image_ratio":"adapt","image_shape":"default","show_secondary_image":false,"show_vendor":false,"show_rating":false,"padding_top":0,"padding_bottom":36}},"rich_text_RW9CbB":{"type":"rich-text","blocks":{"heading_FXMEXk":{"type":"heading","settings":{"heading":"Leading Brands","heading_size":"h1"}}},"block_order":["heading_FXMEXk"],"disabled":true,"settings":{"desktop_content_position":"center","content_alignment":"center","color_scheme":"background-1","full_width":true,"padding_top":0,"padding_bottom":0}},"rich_text_pCKwLg":{"type":"rich-text","blocks":{"heading_RN3xhy":{"type":"heading","settings":{"heading":"Leading Brands","heading_size":"h1"}}},"block_order":["heading_RN3xhy"],"disabled":true,"settings":{"desktop_content_position":"center","content_alignment":"center","color_scheme":"background-1","full_width":true,"padding_top":0,"padding_bottom":0}},"custom_liquid_gdTpTp":{"type":"custom-liquid","disabled":true,"custom_css":["@media screen and (max-width: 767px) {.Leading_Brands {display: none; }}",".Leading_content {width: 48%; text-align: center; color: white; font-weight: bold; border-radius: 8px; background: linear-gradient(to right, #ebebeb, #d0d1d1); float: left; margin: 0.5%; overflow: hidden;}",".Leading_content img {width: 50%; float: inline-end;}",".Leading_Introduction {width: 46%; float: left; margin-left: 3%; margin-top: 22%; text-align: left;}",".Leading_Introduction h2 {font-size: 3rem; margin: 1rem 0;}","a {text-decoration: none; color: inherit;}"],"settings":{"custom_liquid":"<div class=\"Leading_Brands\"  style=\"width: 75.4%;\n  margin: 0 auto;\n  overflow: hidden;\">\n\n<div  class=\"Leading_content\" >\n<a href=\"\/collections\/brands-ailsas-wigs\">\n<div   class=\"Leading_Introduction\">\n<a href=\"\/collections\/brands-ailsas-wigs\">\n<h2>Ailsa's Wigs<\/h2>\n<p style=\"color: #666;font-weight: 500;\">with ailsa's wigs,every strand is a stroke of creativity. lightweight designs for bold, everyday reinvention.<\/p>\n<button style=\"\n  padding: 12px 24px;\n  font-size: 1.6rem;\n  color: white;\n  background: linear-gradient(to right, #833b87, #c381c9);\n  border: none;\n  border-radius: 8px;\n  cursor: pointer;\n  transition: background 0.3s ease;\n\">\n  Shop All Ailsas\n<\/button>\n<\/a>\n<\/div>\n  <img src=\"https:\/\/cdn.shopify.com\/s\/files\/1\/0661\/1933\/6190\/files\/Ailsa_s_Wigs_ren.png?v=1748488682\">\n<\/a>\n<\/div>\n\n<div  class=\"Leading_content\" >\n<a href=\"\/collections\/brands-lewis-and-ailsa\">\n<div   class=\"Leading_Introduction\">\n<a href=\"\/collections\/brands-lewis-and-ailsa\">\n<h2>Lewis & Ailsa Wigs<\/h2>\n<p style=\"color: #666;font-weight: 500;\">Lewis and Ailsa crafts heirlooms,strand by strand. 40+ hours of artistry in every luxurious wig.<\/p>\n<button style=\"\n  padding: 12px 24px;\n  font-size: 1.6rem;\n  color: white;\n   background: linear-gradient(to right, #833b87, #c381c9);\n  border: none;\n  border-radius: 8px;\n  cursor: pointer;\n  transition: background 0.3s ease;\n\">\n  Shop All Lewis &Ailsa\n<\/button>\n<\/a>\n<\/div>\n  <img src=\"https:\/\/cdn.shopify.com\/s\/files\/1\/0661\/1933\/6190\/files\/Lewis_and_Ailsa_ren.png?v=1748487594\">\n<\/a>\n<\/div>\n<\/div>","color_scheme":"","padding_top":20,"padding_bottom":0}},"custom_liquid_K4RgN6":{"type":"custom-liquid","disabled":true,"custom_css":["@media screen and (min-width: 768px) {.Leading_Brands {display: none; }}",".Leading_content {width: 100%; text-align: center; color: white; font-weight: bold; border-radius: 8px; background: linear-gradient(to right, #ebebeb, #d0d1d1); float: left; margin: 0.5%; overflow: hidden;}",".Leading_content img {width: 50%; float: inline-end;}",".Leading_Introduction {width: 46%; float: left; margin-left: 3%; text-align: left;}",".Leading_Introduction h2 {font-size: 1.8rem; margin: 0.5rem 0;}","a {text-decoration: none; color: inherit;}"],"settings":{"custom_liquid":"<div class=\"Leading_Brands\"  style=\"width: 98%;\n  margin: 0 auto;\n  overflow: hidden;\">\n\n<div  class=\"Leading_content\" >\n<a href=\"\/collections\/brands-ailsas-wigs\">\n<div   class=\"Leading_Introduction\">\n<a href=\"\/collections\/brands-ailsas-wigs\">\n<h2>Ailsa's Wigs<\/h2>\n<p style=\"color: #666;font-weight: 500;font-size: 1.2rem;margin-top: -4px\">with ailsa's wigs,every strand is a stroke of creativity. lightweight designs for bold, everyday reinvention.<\/p>\n<button style=\"\n  padding: 12px 12px;\n  font-size: 1rem;\n  color: white;\n  background: linear-gradient(to right, #833b87, #c381c9);\n  border: none;\n  border-radius: 8px;\n  cursor: pointer;\n  transition: background 0.3s ease;\n\">\n  Shop All Ailsas\n<\/button>\n<\/a>\n<\/div>\n  <img src=\"https:\/\/cdn.shopify.com\/s\/files\/1\/0661\/1933\/6190\/files\/Ailsa_s_Wigs_ren.png?v=1748488682\">\n<\/a>\n<\/div>\n\n<div  class=\"Leading_content\" >\n<a href=\"\/collections\/brands-lewis-and-ailsa\">\n<div   class=\"Leading_Introduction\">\n<a href=\"\/collections\/brands-lewis-and-ailsa\">\n<h2>Lewis & Ailsa Wigs<\/h2>\n<p style=\"color: #666;font-weight: 500;margin-bottom: 5px;font-size: 1.2rem;margin-top: -4px\">Lewis and Ailsa crafts heirlooms,strand by strand. 40+ hours of artistry in every luxurious wig.<\/p>\n<button style=\"\n  padding: 12px 12px;\n  font-size: 1rem;\n  color: white;\n   background: linear-gradient(to right, #833b87, #c381c9);\n  border: none;\n  border-radius: 8px;\n  cursor: pointer;\n  transition: background 0.3s ease;\n\">\n  Shop All Lewis &Ailsa\n<\/button>\n<\/a>\n<\/div>\n  <img src=\"https:\/\/cdn.shopify.com\/s\/files\/1\/0661\/1933\/6190\/files\/Lewis_and_Ailsa_ren.png?v=1748487594\">\n<\/a>\n<\/div>\n<\/div>","color_scheme":"","padding_top":0,"padding_bottom":20}},"multicolumn_wyGVd4":{"type":"multicolumn","blocks":{"column_WUeA6G":{"type":"column","settings":{"image":"shopify:\/\/shop_images\/ailsas_wigs.jpg","title":"<a href=\"\/collections\/brands-ailsas-wigs\" title=\"Ailsa's Wigs\">Ailsa's Wigs<\/a>","text":"<p><a href=\"\/collections\/brands-ailsas-wigs\" title=\"Ailsa's Wigs\">with ailsa's wigs,every strand is a stroke of creativity. lightweight designs for bold, everyday reinvention.<\/a><\/p>","link_label":"Shop All Ailsas","link":"shopify:\/\/collections\/brands-ailsas-wigs"}},"column_3aKpAk":{"type":"column","settings":{"image":"shopify:\/\/shop_images\/lewis_and_ailsa.jpg","title":"<a href=\"\/collections\/brands-lewis-and-ailsa\" title=\"Lewis and Ailsa\">Lewis & Ailsa Wigs<\/a>","text":"<p><a href=\"\/collections\/brands-lewis-and-ailsa\" title=\"Lewis and Ailsa\">Lewis and Ailsa crafts heirlooms,strand by strand. 40+ hours of artistry in every luxurious wig.<\/a><\/p>","link_label":"Shop All Lewis &Ailsa","link":"shopify:\/\/collections\/brands-lewis-and-ailsa"}},"column_GTq7hY":{"type":"column","settings":{"image":"shopify:\/\/shop_images\/ecco_wigs.jpg","title":"<a href=\"\/collections\/brands-ecco-wigs\" title=\"ECCO Wigs\">ECCO Wigs<\/a>","text":"<p><a href=\"\/collections\/brands-ecco-wigs\" title=\"ECCO Wigs\">ECCO Wigs delivers invisible confidence.Clip-and-go solutions for natural volume in seconds.<\/a><\/p>","link_label":"Shop All ECCO","link":"shopify:\/\/collections\/brands-ecco-hair"}}},"block_order":["column_WUeA6G","column_3aKpAk","column_GTq7hY"],"disabled":true,"custom_css":[".multicolumn-card-spacing {padding-top: 0rem; margin-left: 0rem; margin-right: 0rem;}",".multicolumn-card__info {padding: 2rem; text-align: center;}","a {text-decoration: none;}"],"settings":{"title":"","heading_size":"h1","image_width":"full","image_ratio":"adapt","columns_desktop":3,"column_alignment":"center","background_style":"primary","button_label":"Shop All Brands","button_link":"shopify:\/\/collections\/all-brands","color_scheme":"scheme-1","columns_mobile":"1","swipe_on_mobile":true,"padding_top":36,"padding_bottom":36}},"multicolumn_TzAXGT":{"type":"multicolumn","blocks":{"column_bqwq8b":{"type":"column","settings":{"image":"shopify:\/\/shop_images\/Straight-Wigs.jpg","title":"","text":"","link_label":"Straight Wigs","link":"shopify:\/\/collections\/straight-wigs"}},"column_7PR6zw":{"type":"column","settings":{"image":"shopify:\/\/shop_images\/Afro-Wigs.jpg","title":"","text":"","link_label":"Afro Wigs","link":"shopify:\/\/collections\/afro-wig"}},"column_LEPLtg":{"type":"column","settings":{"image":"shopify:\/\/shop_images\/Curly-Wigs.jpg","title":"","text":"","link_label":"Curly Wigs","link":"shopify:\/\/collections\/curly-wigs"}},"column_MWVxEU":{"type":"column","settings":{"image":"shopify:\/\/shop_images\/Wavy-Wigs.jpg","title":"","text":"","link_label":"Wavy Wigs","link":"shopify:\/\/collections\/wave-wigs"}}},"block_order":["column_bqwq8b","column_7PR6zw","column_LEPLtg","column_MWVxEU"],"custom_css":[".title-wrapper--no-top-margin > .title {margin: 0 auto;}",".multicolumn-card-spacing {padding-top: 0rem; margin-left: 0rem; margin-right: 0rem;}",".multicolumn-card__info {padding: 0 1rem; text-align: center; margin-top: -16px;}","@media screen and (max-width: 989px) {.grid--1-col-tablet-down .grid__item {max-width: calc(50% - var(--grid-mobile-horizontal-spacing) \/ 2); width: calc(50% - var(--grid-mobile-horizontal-spacing) \/ 2); } .multicolumn-card__info {font-size: 12px; }}"],"settings":{"title":"Featured Collections","heading_size":"h1","image_width":"full","image_ratio":"adapt","columns_desktop":4,"column_alignment":"center","background_style":"primary","button_label":"","button_link":"","color_scheme":"","columns_mobile":"1","swipe_on_mobile":false,"padding_top":0,"padding_bottom":36}},"featured_collection_YecPPU":{"type":"featured-collection","custom_css":[".title-wrapper--no-top-margin > .title {text-align: center;}"],"settings":{"title":"Top Picks","heading_size":"h1","description":"","show_description":false,"description_style":"body","collection":"top-picks","products_to_show":16,"columns_desktop":4,"full_width":false,"show_view_all":true,"view_all_style":"solid","enable_desktop_slider":false,"color_scheme":"","image_ratio":"portrait","image_shape":"default","show_secondary_image":true,"show_vendor":true,"show_rating":false,"quick_add":"none","columns_mobile":"2","swipe_on_mobile":true,"padding_top":28,"padding_bottom":36}},"shoppable_gallery_7jy4wW":{"type":"shoppable-gallery","blocks":{"gallery_item_a3434E":{"type":"gallery_item","settings":{"image":"shopify:\/\/shop_images\/Wearing-Display-34.jpg","product":"natural-black-28-inch-wig","approved":true,"customer_name":"","submitted_date":""}},"gallery_item_CzdMwh":{"type":"gallery_item","settings":{"image":"shopify:\/\/shop_images\/Wearing-Display-2.jpg","product":"t-part-lace-front-curly-hair-wig","approved":true,"customer_name":"","submitted_date":""}},"gallery_item_KyfhTw":{"type":"gallery_item","settings":{"image":"shopify:\/\/shop_images\/Wearing-Display-3.jpg","product":"long-blonde-premium-synthetic-wig-with-bangs","approved":true,"customer_name":"","submitted_date":""}},"gallery_item_U6TwXW":{"type":"gallery_item","settings":{"image":"shopify:\/\/shop_images\/Wearing-Display.jpg","product":"brown-layered-straight-wig-with-bangs-wig","approved":true,"customer_name":"","submitted_date":""}},"gallery_item_xEKNDB":{"type":"gallery_item","settings":{"image":"shopify:\/\/shop_images\/Wearing-Display-21.jpg","product":"peach-curly-bob-wig","approved":true,"customer_name":"","submitted_date":""}},"gallery_item_GYYbcG":{"type":"gallery_item","settings":{"image":"shopify:\/\/shop_images\/Wearing-Display-33.jpg","product":"blonde-32-inch-straight-lace-front-wig","approved":true,"customer_name":"","submitted_date":""}},"gallery_item_D7njpD":{"type":"gallery_item","settings":{"image":"shopify:\/\/shop_images\/Wearing-Display-22.jpg","product":"highlighted-honey-blonde-straight-wig","approved":true,"customer_name":"","submitted_date":""}},"gallery_item_RqLRCL":{"type":"gallery_item","settings":{"image":"shopify:\/\/shop_images\/Wearing-Display-30.jpg","product":"extra-long-straight-ginger-wig","approved":true,"customer_name":"","submitted_date":""}},"gallery_item_NF6FXL":{"type":"gallery_item","settings":{"image":"shopify:\/\/shop_images\/Wearing-Display-23.jpg","product":"tt4-27-highlighted-afro-wig","approved":true,"customer_name":"","submitted_date":""}},"gallery_item_dhPAQB":{"type":"gallery_item","settings":{"image":"shopify:\/\/shop_images\/Wearing-Display-24.jpg","product":"mid-length-curly-hair-brown-wig","approved":true,"customer_name":"","submitted_date":""}},"gallery_item_FRgDBH":{"type":"gallery_item","settings":{"image":"shopify:\/\/shop_images\/Wearing-Display-25.jpg","product":"28-inch-long-blue-body-wave-wig","approved":true,"customer_name":"","submitted_date":""}},"gallery_item_3xzYJY":{"type":"gallery_item","settings":{"image":"shopify:\/\/shop_images\/Wearing-Display-26.jpg","product":"brown-black-28-inch-body-wave-lace-front-wig","approved":true,"customer_name":"","submitted_date":""}},"gallery_item_TAgrgE":{"type":"gallery_item","settings":{"image":"shopify:\/\/shop_images\/Wearing-Display-36.jpg","product":"elaine-in-mocha-pearl-lace-front-synthetic-straight-wig-by-rieker-wigs","approved":true,"customer_name":"","submitted_date":""}},"gallery_item_fPKYiJ":{"type":"gallery_item","settings":{"image":"shopify:\/\/shop_images\/Wearing-Display-31.jpg","product":"balayage-body-wave-wig","approved":true,"customer_name":"","submitted_date":""}},"gallery_item_QDWYWT":{"type":"gallery_item","settings":{"image":"shopify:\/\/shop_images\/Wearing-Display-27.jpg","product":"human-hair-headband-deep-wave-wig","approved":true,"customer_name":"","submitted_date":""}},"gallery_item_pz37jh":{"type":"gallery_item","settings":{"image":"shopify:\/\/shop_images\/Wearing-Display-32.jpg","product":"grey-32-inch-extra-long-straight-wig","approved":true,"customer_name":"","submitted_date":""}},"gallery_item_9TGcLk":{"type":"gallery_item","settings":{"image":"shopify:\/\/shop_images\/Wearing-Display-28.jpg","product":"ombre-pink-curly-synthetic-wig-with-bangs","approved":true,"customer_name":"","submitted_date":""}},"gallery_item_i3nWzA":{"type":"gallery_item","settings":{"image":"shopify:\/\/shop_images\/Wearing-Display-29.jpg","product":"29inch-kinky-curly-synthetic-grey-wig","approved":true,"customer_name":"","submitted_date":""}},"gallery_item_bK4KJw":{"type":"gallery_item","settings":{"image":"shopify:\/\/shop_images\/Wearing-Display-35.jpg","product":"sophie-in-crimson-plum-mono-part-short-straight-wig-by-rieker-wigs","approved":true,"customer_name":"","submitted_date":""}},"gallery_item_gfNpFd":{"type":"gallery_item","settings":{"image":"shopify:\/\/shop_images\/Wearing-Display-37.jpg","product":"brown-curly-bob-wig","approved":true,"customer_name":"","submitted_date":""}},"gallery_item_HYYMrN":{"type":"gallery_item","settings":{"product":"","approved":true,"customer_name":"","submitted_date":""}},"acerill_form_builder_custom_form_YnwnPB":{"type":"shopify:\/\/apps\/acerill-form-builder\/blocks\/custom-form\/830f910d-3579-44cb-9d18-92197bb5bd98","settings":{"formId":"7fc96da5-89dc-4caa-9c13-7bb7f7d591e7","behavior":"standard"}},"gallery_item_3fbnaw":{"type":"gallery_item","settings":{"product":"","approved":true,"customer_name":"","submitted_date":""}},"gallery_item_9TmzMg":{"type":"gallery_item","settings":{"product":"","approved":true,"customer_name":"","submitted_date":""}},"gallery_item_eTX4WN":{"type":"gallery_item","settings":{"product":"","approved":true,"customer_name":"","submitted_date":""}},"gallery_item_74Tyzn":{"type":"gallery_item","settings":{"product":"","approved":true,"customer_name":"","submitted_date":""}},"gallery_item_Wjzrch":{"type":"gallery_item","settings":{"product":"","approved":true,"customer_name":"","submitted_date":""}},"gallery_item_CBaCLQ":{"type":"gallery_item","settings":{"product":"","approved":true,"customer_name":"","submitted_date":""}},"gallery_item_TEktTa":{"type":"gallery_item","settings":{"product":"","approved":true,"customer_name":"","submitted_date":""}},"gallery_item_kgM87V":{"type":"gallery_item","settings":{"product":"","approved":true,"customer_name":"","submitted_date":""}},"gallery_item_MwH94R":{"type":"gallery_item","settings":{"product":"","approved":true,"customer_name":"","submitted_date":""}},"gallery_item_afzVUE":{"type":"gallery_item","settings":{"product":"","approved":true,"customer_name":"","submitted_date":""}},"gallery_item_FE3kaK":{"type":"gallery_item","settings":{"product":"","approved":true,"customer_name":"","submitted_date":""}},"gallery_item_KGwtCP":{"type":"gallery_item","settings":{"product":"","approved":true,"customer_name":"","submitted_date":""}},"gallery_item_aVaR7n":{"type":"gallery_item","settings":{"product":"","approved":true,"customer_name":"","submitted_date":""}},"gallery_item_7HRkDm":{"type":"gallery_item","settings":{"product":"","approved":true,"customer_name":"","submitted_date":""}},"gallery_item_8dyqGk":{"type":"gallery_item","settings":{"product":"","approved":true,"customer_name":"","submitted_date":""}},"gallery_item_hkNjqM":{"type":"gallery_item","settings":{"product":"","approved":true,"customer_name":"","submitted_date":""}},"gallery_item_KqFnCH":{"type":"gallery_item","settings":{"product":"","approved":true,"customer_name":"","submitted_date":""}},"gallery_item_pPJmQM":{"type":"gallery_item","settings":{"product":"","approved":true,"customer_name":"","submitted_date":""}},"gallery_item_PzK4aB":{"type":"gallery_item","settings":{"product":"","approved":true,"customer_name":"","submitted_date":""}},"gallery_item_tjDkwz":{"type":"gallery_item","settings":{"product":"","approved":true,"customer_name":"","submitted_date":""}},"gallery_item_AKRBDf":{"type":"gallery_item","settings":{"product":"","approved":true,"customer_name":"","submitted_date":""}},"gallery_item_9EPwMK":{"type":"gallery_item","settings":{"product":"","approved":true,"customer_name":"","submitted_date":""}},"gallery_item_EpQJ67":{"type":"gallery_item","settings":{"product":"","approved":true,"customer_name":"","submitted_date":""}},"gallery_item_iKEyH4":{"type":"gallery_item","settings":{"product":"","approved":true,"customer_name":"","submitted_date":""}},"gallery_item_8aaT9a":{"type":"gallery_item","settings":{"product":"","approved":true,"customer_name":"","submitted_date":""}},"gallery_item_nMmUmh":{"type":"gallery_item","settings":{"product":"","approved":true,"customer_name":"","submitted_date":""}},"gallery_item_6yhrL8":{"type":"gallery_item","settings":{"product":"","approved":true,"customer_name":"","submitted_date":""}},"gallery_item_jxEp9M":{"type":"gallery_item","settings":{"product":"","approved":true,"customer_name":"","submitted_date":""}}},"block_order":["gallery_item_a3434E","gallery_item_CzdMwh","gallery_item_KyfhTw","gallery_item_U6TwXW","gallery_item_xEKNDB","gallery_item_GYYbcG","gallery_item_D7njpD","gallery_item_RqLRCL","gallery_item_NF6FXL","gallery_item_dhPAQB","gallery_item_FRgDBH","gallery_item_3xzYJY","gallery_item_TAgrgE","gallery_item_fPKYiJ","gallery_item_QDWYWT","gallery_item_pz37jh","gallery_item_9TGcLk","gallery_item_i3nWzA","gallery_item_bK4KJw","gallery_item_gfNpFd","gallery_item_HYYMrN","acerill_form_builder_custom_form_YnwnPB","gallery_item_3fbnaw","gallery_item_9TmzMg","gallery_item_eTX4WN","gallery_item_74Tyzn","gallery_item_Wjzrch","gallery_item_CBaCLQ","gallery_item_TEktTa","gallery_item_kgM87V","gallery_item_MwH94R","gallery_item_afzVUE","gallery_item_FE3kaK","gallery_item_KGwtCP","gallery_item_aVaR7n","gallery_item_7HRkDm","gallery_item_8dyqGk","gallery_item_hkNjqM","gallery_item_KqFnCH","gallery_item_pPJmQM","gallery_item_PzK4aB","gallery_item_tjDkwz","gallery_item_AKRBDf","gallery_item_9EPwMK","gallery_item_EpQJ67","gallery_item_iKEyH4","gallery_item_8aaT9a","gallery_item_nMmUmh","gallery_item_6yhrL8","gallery_item_jxEp9M"],"custom_css":[".shoppable-gallery__header p {font-size: 1.4rem; color: #999;}"],"name":"Shoppable Gallery","settings":{"heading":"Ailsa’s Beauties — Our Lovely Customers","subheading":"Share your stunning Ailsa’s style and enjoy 15% off your next order!","show_pending":true,"show_upload_button":true,"upload_button_text":"Share Your Style"}},"featured_blog_ktdAp3":{"type":"featured-blog","custom_css":[".article-card__excerpt {width: 100%; margin-top: 1.2rem; -webkit-box-orient: vertical; -webkit-line-clamp: 2; overflow: hidden; display: -webkit-box;}",".blog__title {margin: 0 auto;}"],"settings":{"heading":"Blog Posts","heading_size":"h1","blog":"news","post_limit":3,"columns_desktop":3,"color_scheme":"scheme-1","show_image":true,"show_date":true,"show_author":false,"show_view_all":true,"padding_top":36,"padding_bottom":36}},"newsletter_JLgDkF":{"type":"newsletter","blocks":{"paragraph_Bn9UwX":{"type":"paragraph","settings":{"text":"<p>Sign up for exclusive discounts and stay in the know<\/p>"}},"email_form_3KBagc":{"type":"email_form","settings":{}}},"block_order":["paragraph_Bn9UwX","email_form_3KBagc"],"settings":{"color_scheme":"scheme-4","full_width":true,"padding_top":40,"padding_bottom":52}}},"order":["slideshow_EGDmVP","slideshow_8PtBT4","multicolumn_Jnc4jD","image_banner_XWcjfq","image_banner_7T4jwQ","featured_collection_YxddCw","tabs_products_6QURGn","rich_text_RW9CbB","rich_text_pCKwLg","custom_liquid_gdTpTp","custom_liquid_K4RgN6","multicolumn_wyGVd4","multicolumn_TzAXGT","featured_collection_YecPPU","shoppable_gallery_7jy4wW","featured_blog_ktdAp3","newsletter_JLgDkF"]}