{"sections":{"collapsible_content_8afAjh":{"type":"collapsible-content","blocks":{"collapsible_row_U6bLD9":{"type":"collapsible_row","settings":{"heading":"Effective Date","icon":"clipboard","row_content":"<p><strong>Effective Date: 2025-05-23<\/strong><\/p><p>At Ailsas.com, we are committed to protecting and respecting your privacy. This Privacy Policy explains how we collect, use, share, and safeguard your personal information in accordance with applicable laws, including the UK General Data Protection Regulation (UK GDPR).<\/p>","page":""}},"collapsible_row_JDe6gQ":{"type":"collapsible_row","settings":{"heading":"Information We Collect","icon":"clipboard","row_content":"<p><br\/>We collect personal data that you provide directly, such as your name, billing and shipping address, email address, phone number, and payment information when placing orders, signing up for newsletters, or contacting us.<br\/><br\/>We use cookies and similar technologies to collect technical data. We will obtain your explicit consent for non-essential cookies via a cookie consent banner upon your first visit to our site. You can manage your preferences via our cookie consent tool, browser settings, or visit www.allaboutcookies.org for general information.<br\/><\/p>","page":""}},"collapsible_row_RbiJfF":{"type":"collapsible_row","settings":{"heading":"How We Use Your Information","icon":"check_mark","row_content":"<p>Your data is used to fulfil orders, manage your account, provide support, prevent fraud, improve our site, and – with your consent – send marketing updates. Device data helps us understand website usage and improve user experience.<\/p>","page":""}},"collapsible_row_GK3V3b":{"type":"collapsible_row","settings":{"heading":"Legal Basis for Processing and Data Protection","icon":"check_mark","row_content":"<p>We process data based on (i) contract fulfilment, (ii) consent (e.g. for marketing), and (iii) legitimate interests (e.g. fraud prevention).<br\/>We implement security measures to protect your data, but no system is completely secure online.<\/p>","page":""}},"collapsible_row_3QFypx":{"type":"collapsible_row","settings":{"heading":"Sharing Your Information","icon":"check_mark","row_content":"<p>We only share your data with trusted service providers including Shopify, Google Analytics, Meta\/Facebook Ads, payment processors, logistics and marketing partners. We may also share data to comply with legal obligations.<\/p>","page":""}},"collapsible_row_jDdfUg":{"type":"collapsible_row","settings":{"heading":"International Data Transfers","icon":"check_mark","row_content":"<p>Some partners may be located outside the UK\/EEA. We apply approved safeguards such as Standard Contractual Clauses to ensure protection.<\/p>","page":""}},"collapsible_row_zjn7wd":{"type":"collapsible_row","settings":{"heading":"Your Rights","icon":"check_mark","row_content":"<p><br\/>UK and EEA residents have the right to request access to their personal data, as well as to request its correction, deletion, or restriction of processing. They also have the right to object to processing and, where applicable, the right to data portability. You have the right to withdraw your consent at any time where we rely on consent for processing your personal data. To exercise any of these rights, please contact us at hello@ailsas.com.<br\/><\/p>","page":""}},"collapsible_row_PUUqqJ":{"type":"collapsible_row","settings":{"heading":"Data Retention","icon":"check_mark","row_content":"<p>We retain your data only as long as necessary for the purposes outlined, including legal, tax, and compliance. You may request deletion at any time.<\/p>","page":""}},"collapsible_row_q6X8pR":{"type":"collapsible_row","settings":{"heading":"Behavioural Advertising and Tracking","icon":"check_mark","row_content":"<p><br\/>We may use tracking technologies such as cookies, pixels, and device identifiers to provide you with personalised advertising through platforms like Google, Facebook, Instagram, and others.<br\/><br\/>These personalised advertising activities are based on your prior consent to marketing and advertising cookies, which you can manage at any time via our cookie consent banner or privacy settings.<br\/><br\/>You may opt out of personalised advertising through the relevant platform settings, such as:<br\/><br\/>Facebook: <br\/>https:\/\/www.facebook.com\/settings\/?tab=ads<br\/><br\/>Google: <br\/>https:\/\/adssettings.google.com<br\/><br\/>General opt-out: <br\/>http:\/\/optout.aboutads.info<br\/><br\/>Please note: We do not alter our tracking behaviour in response to “Do Not Track” browser signals.<br\/><\/p>","page":""}},"collapsible_row_hLanPM":{"type":"collapsible_row","settings":{"heading":"Changes to This Policy","icon":"check_mark","row_content":"<p>We may update this policy. Any significant changes will appear here with a new effective date.<\/p>","page":""}},"collapsible_row_fNdLKL":{"type":"collapsible_row","settings":{"heading":"Contact Us","icon":"check_mark","row_content":"<p>If you have questions or wish to exercise any privacy rights, email us at hello@ailsas.com.<\/p>","page":""}}},"block_order":["collapsible_row_U6bLD9","collapsible_row_JDe6gQ","collapsible_row_RbiJfF","collapsible_row_GK3V3b","collapsible_row_3QFypx","collapsible_row_jDdfUg","collapsible_row_zjn7wd","collapsible_row_PUUqqJ","collapsible_row_q6X8pR","collapsible_row_hLanPM","collapsible_row_fNdLKL"],"custom_css":[".color-scheme-1 .collapsible-content-wrapper-narrow {max-width: 70%;}","@media screen and (max-width: 767px) {.color-scheme-1 .collapsible-content-wrapper-narrow {max-width: 100%; }}",".accordion__title {font-size: 1.8rem;}",".accordion__content {padding-top: 1.2rem;}",".accordion__content p {font-size: 1.4rem;}"],"settings":{"caption":"","heading":"Privacy Policy","heading_size":"h1","heading_alignment":"left","layout":"none","color_scheme":"","container_color_scheme":"","open_first_collapsible_row":false,"image_ratio":"adapt","desktop_layout":"image_second","padding_top":36,"padding_bottom":36}},"main":{"type":"main-page","disabled":true,"settings":{"padding_top":28,"padding_bottom":28}},"newsletter_gGhhgW":{"type":"newsletter","blocks":{"paragraph_HyV9JK":{"type":"paragraph","settings":{"text":"<p>Sign up for exclusive discounts and stay in the know<\/p>"}},"email_form_dKN6Kk":{"type":"email_form","settings":{}}},"block_order":["paragraph_HyV9JK","email_form_dKN6Kk"],"settings":{"color_scheme":"scheme-4","full_width":true,"padding_top":40,"padding_bottom":52}}},"order":["collapsible_content_8afAjh","main","newsletter_gGhhgW"]}