{"sections":{"slideshow_Yh8pKX":{"type":"slideshow","blocks":{"slide_fzbdiU":{"type":"slide","settings":{"image":"shopify:\/\/shop_images\/returns-and-exchanges.jpg","heading":"","heading_size":"h1","subheading":"","button_label":"","link":"","button_style_secondary":false,"box_align":"middle-center","show_text_box":false,"text_alignment":"center","image_overlay_opacity":0,"color_scheme":"scheme-1","text_alignment_mobile":"center"}}},"block_order":["slide_fzbdiU"],"custom_css":["@media screen and (max-width: 767px) {.banner_app {display: none; }}"],"name":"t:sections.slideshow.presets.name","settings":{"layout":"full_bleed","slide_height":"adapt_image","slider_visual":"counter","auto_rotate":false,"change_slides_speed":3,"image_behavior":"none","show_text_below":false,"accessibility_info":""}},"slideshow_R63BqU":{"type":"slideshow","blocks":{"slide_V3W7VR":{"type":"slide","settings":{"image":"shopify:\/\/shop_images\/returns-and-exchanges-app.jpg","heading":"","heading_size":"h1","subheading":"","button_label":"","link":"","button_style_secondary":false,"box_align":"middle-center","show_text_box":false,"text_alignment":"center","image_overlay_opacity":0,"color_scheme":"scheme-1","text_alignment_mobile":"center"}}},"block_order":["slide_V3W7VR"],"custom_css":["@media screen and (min-width: 768px) {.banner_app {display: none; }}"],"name":"t:sections.slideshow.presets.name","settings":{"layout":"full_bleed","slide_height":"adapt_image","slider_visual":"counter","auto_rotate":false,"change_slides_speed":3,"image_behavior":"none","show_text_below":false,"accessibility_info":""}},"multicolumn_f3MGcT":{"type":"multicolumn","blocks":{"column_7Efx73":{"type":"column","settings":{"title":"Initiate a return request:","text":"<p>Please contact our customer service  within 30 days from the date you receive . Please provide your order number, reason for return, and clear photos of the item.<\/p>","link_label":"","link":""}},"column_WqxYYp":{"type":"column","settings":{"title":"Approval:","text":"<p>Once approved, we will send you the return address.<\/p>","link_label":"","link":""}},"column_VcVjbf":{"type":"column","settings":{"title":"Refund:","text":"<p>Once we have inspected your returned item, we will complete your refund within 3-10 business days.<\/p>","link_label":"","link":""}}},"block_order":["column_7Efx73","column_WqxYYp","column_VcVjbf"],"custom_css":["h3 {font-size: 1.8rem; font-weight: 600;}"],"name":"t:sections.multicolumn.presets.name","settings":{"title":"Return Steps","heading_size":"h1","image_width":"full","image_ratio":"adapt","columns_desktop":3,"column_alignment":"left","background_style":"primary","button_label":"","button_link":"","color_scheme":"","columns_mobile":"1","swipe_on_mobile":false,"padding_top":36,"padding_bottom":36}},"contact_form_JRHE6Q":{"type":"contact-form","custom_css":[".live-help-btn {display: none;}",".contact-sidebar p {font-size: 1.4rem;}",".contact-sidebar p:nth-of-type(2) {display: none;}",".contact-sidebar p:nth-of-type(3) {margin-bottom: 0px;}",".contact-info {font-size: 1.4rem; margin-top: 0px;}"],"name":"Contact Form","settings":{"form_title":"CONTACT US","form_description":"To cancel your order or exchange an item, you can contact us at this email address.\n\nPlease note: Once an order has been shipped, it cannot be canceled.","heading_size":"h1","sidebar_title":"Return Policy","sidebar_subtitle":"We are happy to accept returns and exchanges within 30 days from the date you receive your order.","sidebar_description":"","live_help_title":"Returned products must meet the following conditions:","live_help_text":"Due to hygiene reasons, wigs must not be cut, bleached, dyed, altered, or visibly worn. The lace must remain uncut and unaltered. For these reasons, we recommend inspecting the wig without removing the inner hair net or tampering with the lace.","live_help_button_text":"","live_help_button_link":"","contact_phone":"","contact_email":"","contact_address":"If your item is delivered with a hygiene seal, once broken, the item becomes non-returnable unless it is faulty.\n\nUnauthorised or returned items that do not meet these criteria may not be eligible for a refund.","opening_hours":"Please view the full Return and Exchange Policy*","sidebar_bg_color":"#f3f3f3","button_bg_color":"#f3f3f3","button_text_color":"#f3f3f3","sidebar_width":200,"layout":"form_left","padding_top":36,"padding_bottom":36,"color_scheme":""}},"collapsible_content_xdpKCY":{"type":"collapsible-content","blocks":{"collapsible_row_9jddiJ":{"type":"collapsible_row","settings":{"heading":"Wig Bundle Gift Campaign:Campaign Overview","icon":"clipboard","row_content":"<p><\/p><p>Purchase any wig product from ailsas.com and receive an exclusive free gift bundle as a thank-you reward. This offer is available for a limited number of early customers.<br\/><\/p>","page":""}},"collapsible_row_R8VEWh":{"type":"collapsible_row","settings":{"heading":"Wig Bundle Gift Campaign:Eligibility","icon":"clipboard","row_content":"<p><br\/>This campaign is valid for orders that include any full-price or discounted wig.<br\/><br\/>Accessories-only orders (e.g. wig caps, combs, bags) do not qualify.<br\/><br\/>Valid only for customers based in the UK.<br\/><br\/>Each order is eligible for one gift pack only.<br\/><\/p>","page":""}},"collapsible_row_at7DQD":{"type":"collapsible_row","settings":{"heading":"Wig Bundle Gift Campaign:What’s Included in the Gift Pack","icon":"clipboard","row_content":"<p><br\/>Our curated gift pack typically includes:<br\/><br\/>1× Reusable Ailsa’s Shopping Bag<br\/>1× HairJewelry <br\/>1× Wig Cap<br\/>1× Vent Hair Brush<br\/>1× Wig Band<br\/>1× Satin Gift Bag<br\/>1× Wig Cap<br\/><br\/><br\/>🎁 <strong>Please note:<\/strong><br\/><br\/>Product style, colour, and packaging may vary, and cannot be chosen by the customer.<br\/><br\/>Items are dispatched randomly depending on stock availability.<br\/><br\/>If any item is out of stock, it will be substituted with an item of equal or greater value at our discretion.<br\/><\/p>","page":""}},"collapsible_row_3RDhrc":{"type":"collapsible_row","settings":{"heading":"Wig Bundle Gift Campaign:Delivery & Returns","icon":"clipboard","row_content":"<p><br\/>Gift packs are automatically added to eligible orders during warehouse processing.<br\/><br\/>Gifts are non-exchangeable and non-returnable.<br\/><br\/>If an order is returned in full, the gift pack must also be returned unused and unopened.<br\/><br\/>If the gift is not returned, Ailsa’s reserves the right to deduct the gift value from the total refund amount.<\/p>","page":""}},"collapsible_row_bAde4T":{"type":"collapsible_row","settings":{"heading":"Wig Bundle Gift Campaign:Participation Limit","icon":"clipboard","row_content":"<p><br\/>This campaign is available to the first <strong>50 <\/strong>qualifying customers only, on a first-come, first-served basis.<br\/><br\/>Once the quota is reached, the gift pack will no longer be included.<br\/><\/p>","page":""}},"collapsible_row_mJCtfa":{"type":"collapsible_row","settings":{"heading":"Wig Bundle Gift Campaign:Other Important Notes","icon":"clipboard","row_content":"<p><br\/>Ailsa’s reserves the right to make final decisions regarding gift pack qualification and substitutions.<br\/><br\/>This campaign cannot be combined with other promotions offering physical gifts.<br\/><br\/>Terms are subject to change at any time without prior notice.<br\/><br\/>📞 Contact Us<br\/>Have questions? We’re happy to help:<br\/>📧 Email: hello@ailsas.com<br\/>📞 Phone: +44 077-1563-8527<br\/><br\/><br\/>Ailsa’s – Not Just Beauty. Confidence, delivered with care.<\/p>","page":""}}},"block_order":["collapsible_row_9jddiJ","collapsible_row_R8VEWh","collapsible_row_at7DQD","collapsible_row_3RDhrc","collapsible_row_bAde4T","collapsible_row_mJCtfa"],"disabled":true,"custom_css":[".color-scheme-1 .collapsible-content-wrapper-narrow {max-width: 70%;}","@media screen and (max-width: 767px) {.color-scheme-1 .collapsible-content-wrapper-narrow {max-width: 100%; }}",".accordion__title {font-size: 1.8rem;}",".accordion__content {padding-top: 1.2rem;}",".accordion__content p {font-size: 1.4rem;}"],"settings":{"caption":"","heading":"Wig Bundle Gift Campaign: Terms & Conditions","heading_size":"h1","heading_alignment":"left","layout":"none","color_scheme":"","container_color_scheme":"","open_first_collapsible_row":false,"image_ratio":"adapt","desktop_layout":"image_second","padding_top":36,"padding_bottom":36}},"collapsible_content_8afAjh":{"type":"collapsible-content","blocks":{"collapsible_row_U6bLD9":{"type":"collapsible_row","settings":{"heading":"UGC Cashback Campaign: Campaign Overview","icon":"clipboard","row_content":"<p><\/p><p>We value every voice from our customers. Join our User Generated Content (UGC) Cashback Campaign and receive 50% cashback on your wig order by submitting authentic photos or videos of your wig-wearing experience!<\/p><p><\/p>","page":""}},"collapsible_row_JDe6gQ":{"type":"collapsible_row","settings":{"heading":"UGC Cashback Campaign: Eligibility","icon":"clipboard","row_content":"<p><\/p><p>Open to customers who have purchased any wig product directly from ailsas.com.<br\/><br\/>Accessories (such as wig caps or styling tools) are excluded from this campaign.<br\/><br\/>Valid only for customers residing in the UK.<br\/><br\/><\/p>","page":""}},"collapsible_row_NT8676":{"type":"collapsible_row","settings":{"heading":"UGC Cashback Campaign:  How to Participate","icon":"clipboard","row_content":"<p><\/p><p>Step 1 – Place an order for any wig on our website.<br\/><br\/>Step 2 – After receiving the wig, submit one of the following:<br\/><br\/>Clear, front-facing photo(s) wearing the wig (minimum three image)<br\/><br\/>Short video showing unboxing, trying-on, or styling experience<br\/><br\/>Step 3 – Email your submission to:<br\/>hello@ailsas.com<br\/>Include your order number, name, and media content in the email.<\/p><p><\/p>","page":""}},"collapsible_row_ERQhmA":{"type":"collapsible_row","settings":{"heading":"UGC Cashback Campaign:  Cashback Details","icon":"clipboard","row_content":"<p><br\/>✔️ Get 50% of your order value back once your content is approved.<br\/><br\/>✔️ Cashback will be returned via the original payment method.<br\/><br\/>✔️ Processing time: 3 working days<br\/><br\/>✔️ One cashback per order only<br\/><\/p>","page":""}},"collapsible_row_pEnncA":{"type":"collapsible_row","settings":{"heading":"UGC Cashback Campaign: Participation Limit","icon":"clipboard","row_content":"<p><br\/>The offer is available for the first <strong>100 <\/strong>qualified participants only – on a first-come, first-served basis.<\/p><p>No official end date, but spots are limited. Act fast!<\/p><p><\/p>","page":""}},"collapsible_row_KrHU7p":{"type":"collapsible_row","settings":{"heading":"UGC Cashback Campaign: Content Rights","icon":"clipboard","row_content":"<p><\/p><p>By submitting your content, you agree to grant Ailsa’s the rights to use your photos or videos for:<br\/><br\/>Website display<br\/><br\/>Social media and advertising campaigns<br\/><br\/>Email promotions and related marketing activities<br\/><br\/>Ailsa’s may edit or crop submissions for visual clarity without altering the intent or authenticity. All content will be handled in accordance with our Privacy Policy.<\/p><p><\/p>","page":""}},"collapsible_row_GpCBrz":{"type":"collapsible_row","settings":{"heading":"UGC Cashback Campaign: Disclaimer & Final Rights","icon":"clipboard","row_content":"<p><\/p><p>Ailsa’s reserves the right to make final decisions regarding cashback eligibility.<br\/><br\/>Fraudulent, unclear, or duplicate content will not qualify.<br\/><br\/>These terms may be subject to change without prior notice.<br\/><br\/>📞 Contact Us<br\/>Need help? We’re here for you:<br\/>📧 Email: hello@ailsas.com<br\/>📞 Customer Service: +44  077-1563-8527<br\/><br\/><br\/>💖 Thank you for helping us inspire others.<br\/>Ailsa’s – Not Just Beauty. Confidence starts here.<\/p><p><\/p>","page":""}}},"block_order":["collapsible_row_U6bLD9","collapsible_row_JDe6gQ","collapsible_row_NT8676","collapsible_row_ERQhmA","collapsible_row_pEnncA","collapsible_row_KrHU7p","collapsible_row_GpCBrz"],"disabled":true,"custom_css":[".color-scheme-1 .collapsible-content-wrapper-narrow {max-width: 70%;}","@media screen and (max-width: 767px) {.color-scheme-1 .collapsible-content-wrapper-narrow {max-width: 100%; }}",".accordion__title {font-size: 1.8rem;}",".accordion__content {padding-top: 1.2rem;}",".accordion__content p {font-size: 1.4rem;}"],"settings":{"caption":"Share Your Wig Story – Get 50% Cashback!","heading":"Ailsa’s UGC Cashback Campaign – Terms & Conditions","heading_size":"h1","heading_alignment":"left","layout":"none","color_scheme":"","container_color_scheme":"","open_first_collapsible_row":false,"image_ratio":"adapt","desktop_layout":"image_second","padding_top":36,"padding_bottom":36}},"main":{"type":"main-page","disabled":true,"settings":{"padding_top":28,"padding_bottom":28}},"newsletter_gGhhgW":{"type":"newsletter","blocks":{"paragraph_HyV9JK":{"type":"paragraph","settings":{"text":"<p>Sign up for exclusive discounts and stay in the know<\/p>"}},"email_form_dKN6Kk":{"type":"email_form","settings":{}}},"block_order":["paragraph_HyV9JK","email_form_dKN6Kk"],"settings":{"color_scheme":"scheme-4","full_width":true,"padding_top":40,"padding_bottom":52}}},"order":["slideshow_Yh8pKX","slideshow_R63BqU","multicolumn_f3MGcT","contact_form_JRHE6Q","collapsible_content_xdpKCY","collapsible_content_8afAjh","main","newsletter_gGhhgW"]}