{"sections":{"rich_text_Fqk4nK":{"type":"rich-text","blocks":{"heading_j8hATg":{"type":"heading","settings":{"heading":"Shipping policy","heading_size":"hxl"}}},"block_order":["heading_j8hATg"],"custom_css":["h2.rich-text__heading {text-transform: uppercase;}",".color-scheme-4 {padding-top: 80px !important; padding-bottom: 80px !important; background-image: none !important; background-color: #ad8b70 !important;}"],"settings":{"desktop_content_position":"center","content_alignment":"center","color_scheme":"scheme-4","full_width":true,"padding_top":40,"padding_bottom":52}},"collapsible_content_czRABR":{"type":"collapsible-content","settings":{"caption":"","heading":"Shipping Information","heading_size":"h0","heading_alignment":"center","layout":"none","color_scheme":"","container_color_scheme":"","open_first_collapsible_row":false,"image_ratio":"adapt","desktop_layout":"image_second","padding_top":36,"padding_bottom":0}},"image_with_text_HQ9qgY":{"type":"image-with-text","blocks":{"heading_6pczAe":{"type":"heading","disabled":true,"settings":{"heading":"","heading_size":"h1"}},"text_aypNtL":{"type":"text","settings":{"text":"<h2>Free Shipping:<\/h2><ul><li>UK Ground: Free for orders over ￡30 within the UK (1-3 business days)*<\/li><\/ul><h2>Additional Shipping Options<\/h2><ul><li>Royal Mail: Free shipping for orders over £30 (1-2 business days)<\/li><li>DPD:Faster delivery option for the Uk<\/li><\/ul><p><strong>Precautions:<\/strong><\/p><p>*Orders for weekends or holidays will be processed on the next business day.<\/p>","text_style":"body"}}},"block_order":["heading_6pczAe","text_aypNtL"],"custom_css":[".image-with-text__text p,.rte li {font-size: 1.4rem;}",".image-with-text__content {padding: 2rem 0rem;}",".image-with-text__media-item--medium.image-with-text__media-item--top.grid__item {width: 30%; padding-right: 10%;}",".image-with-text__text-item.grid__item {width: 50%; padding: 0 5%;}","@media screen and (max-width: 767px) {.image-with-text__media-item--medium.image-with-text__media-item--top.grid__item {width: 80%; height: auto; padding: 0; }}"],"settings":{"image":"shopify:\/\/shop_images\/5D651A75-D7EF-4e18-919B-9C1BD5D694B4.png","height":"adapt","desktop_image_width":"medium","layout":"image_first","desktop_content_position":"top","desktop_content_alignment":"left","content_layout":"no-overlap","section_color_scheme":"","color_scheme":"","image_behavior":"none","mobile_content_alignment":"left","padding_top":0,"padding_bottom":36}},"collapsible_content_k8ULzT":{"type":"collapsible-content","blocks":{"collapsible_row_FdKxjU":{"type":"collapsible_row","settings":{"heading":"Collapsible row","icon":"check_mark","row_content":"","page":""}},"collapsible_row_nFtQMb":{"type":"collapsible_row","settings":{"heading":"Collapsible row","icon":"check_mark","row_content":"","page":""}},"collapsible_row_dwJWw8":{"type":"collapsible_row","settings":{"heading":"Collapsible row","icon":"check_mark","row_content":"","page":""}},"collapsible_row_NMHn6b":{"type":"collapsible_row","settings":{"heading":"Collapsible row","icon":"check_mark","row_content":"","page":""}}},"block_order":["collapsible_row_FdKxjU","collapsible_row_nFtQMb","collapsible_row_dwJWw8","collapsible_row_NMHn6b"],"settings":{"caption":"","heading":"SHIPPING FAQS","heading_size":"h0","heading_alignment":"center","layout":"none","color_scheme":"","container_color_scheme":"","open_first_collapsible_row":false,"image_ratio":"adapt","desktop_layout":"image_second","padding_top":36,"padding_bottom":36}},"main":{"type":"main-page","disabled":true,"settings":{"padding_top":28,"padding_bottom":28}},"newsletter_gGhhgW":{"type":"newsletter","blocks":{"paragraph_HyV9JK":{"type":"paragraph","settings":{"text":"<p>Sign up for exclusive discounts and stay in the know<\/p>"}},"email_form_dKN6Kk":{"type":"email_form","settings":{}}},"block_order":["paragraph_HyV9JK","email_form_dKN6Kk"],"settings":{"color_scheme":"scheme-4","full_width":true,"padding_top":40,"padding_bottom":52}}},"order":["rich_text_Fqk4nK","collapsible_content_czRABR","image_with_text_HQ9qgY","collapsible_content_k8ULzT","main","newsletter_gGhhgW"]}