{"sections":{"collapsible_content_8afAjh":{"type":"collapsible-content","blocks":{"collapsible_row_U6bLD9":{"type":"collapsible_row","settings":{"heading":"UGC Cashback Campaign: Campaign Overview","icon":"clipboard","row_content":"<p><\/p><p>We value every voice from our customers. Join our User Generated Content (UGC) Cashback Campaign and receive 50% cashback on your wig order by submitting authentic photos or videos of your wig-wearing experience!<\/p><p><\/p>","page":""}},"collapsible_row_JDe6gQ":{"type":"collapsible_row","settings":{"heading":"UGC Cashback Campaign: Eligibility","icon":"clipboard","row_content":"<p><\/p><p>Open to customers who have purchased any wig product directly from ailsas.com.<br\/><br\/>Accessories (such as wig caps or styling tools) are excluded from this campaign.<br\/><br\/>Valid only for customers residing in the UK.<br\/><br\/><\/p>","page":""}},"collapsible_row_NT8676":{"type":"collapsible_row","settings":{"heading":"UGC Cashback Campaign:  How to Participate","icon":"clipboard","row_content":"<p><\/p><p>Step 1 – Place an order for any wig on our website.<br\/><br\/>Step 2 – After receiving the wig, submit one of the following:<br\/><br\/>Clear, front-facing photo(s) wearing the wig (minimum three image)<br\/><br\/>Short video showing unboxing, trying-on, or styling experience<br\/><br\/>Step 3 – Submit Your Content<br\/>To qualify for the 50% cashback reward, you must submit authentic user-generated content based on one of the following two options:<br\/><br\/>Option A – Public Review Submission<br\/>Leave a review with photos or a video on the product page of the item you purchased from ailsas.com.<br\/><br\/>After posting, send an email to hello@ailsas.com including:<br\/><br\/>Your Order Number<br\/><br\/>A link or screenshot of your public review<br\/><br\/>Option B – Direct Content Submission<br\/>If you prefer to submit directly, email us:<br\/><br\/>At least 3 clear photos showcasing the wig being worn<br\/>or<br\/><br\/>A short video (e.g., unboxing, try-on, or first impressions)<br\/><br\/>Send to: hello@ailsas.com with your Order Number<br\/><br\/>🔔 Important: By submitting your content, you agree that Ailsas has the right to use it across its marketing channels, including but not limited to website galleries, social media, and promotional materials.<\/p><p><\/p>","page":""}},"collapsible_row_ERQhmA":{"type":"collapsible_row","settings":{"heading":"UGC Cashback Campaign:  Cashback Details","icon":"clipboard","row_content":"<p><br\/>✔️ Get 50% of your order value back once your content is approved.<br\/><br\/>✔️ Cashback will be returned via the original payment method.<br\/><br\/>✔️ Processing time: 3 working days<br\/><br\/>✔️ One cashback per order only<br\/><\/p>","page":""}},"collapsible_row_pEnncA":{"type":"collapsible_row","settings":{"heading":"UGC Cashback Campaign: Participation Limit","icon":"clipboard","row_content":"<p><br\/>The offer is available for the first <strong>100 <\/strong>qualified participants only – on a first-come, first-served basis.<\/p><p>No official end date, but spots are limited. Act fast!<\/p><p><\/p>","page":""}},"collapsible_row_KrHU7p":{"type":"collapsible_row","settings":{"heading":"UGC Cashback Campaign: Content Rights","icon":"clipboard","row_content":"<p><\/p><p>By submitting your content, you agree to grant Ailsas the rights to use your photos or videos for:<br\/><br\/>Website display<br\/><br\/>Social media and advertising campaigns<br\/><br\/>Email promotions and related marketing activities<br\/><br\/>Ailsas may edit or crop submissions for visual clarity without altering the intent or authenticity. All content will be handled in accordance with our Privacy Policy.<\/p><p><\/p>","page":""}},"collapsible_row_GpCBrz":{"type":"collapsible_row","settings":{"heading":"UGC Cashback Campaign: Disclaimer & Final Rights","icon":"clipboard","row_content":"<p><\/p><p>Ailsas reserves the right to make final decisions regarding cashback eligibility.<br\/><br\/>Fraudulent, unclear, or duplicate content will not qualify.<br\/><br\/>These terms may be subject to change without prior notice.<br\/><br\/>📞 Contact Us<br\/>Need help? We’re here for you:<br\/>📧 Email: hello@ailsas.com<br\/>📞 Customer Service: +44  077-1563-8527<br\/><br\/><br\/>💖 Thank you for helping us inspire others.<br\/>Ailsas – Not Just Beauty. Confidence starts here.<\/p><p><\/p>","page":""}}},"block_order":["collapsible_row_U6bLD9","collapsible_row_JDe6gQ","collapsible_row_NT8676","collapsible_row_ERQhmA","collapsible_row_pEnncA","collapsible_row_KrHU7p","collapsible_row_GpCBrz"],"custom_css":[".color-scheme-1 .collapsible-content-wrapper-narrow {max-width: 70%;}","@media screen and (max-width: 767px) {.color-scheme-1 .collapsible-content-wrapper-narrow {max-width: 100%; }}",".accordion__title {font-size: 1.8rem;}",".accordion__content {padding-top: 1.2rem;}",".accordion__content p {font-size: 1.4rem;}"],"settings":{"caption":"Share Your Wig Story – Get 50% Cashback!","heading":"Ailsa’s UGC Cashback Campaign – Terms & Conditions","heading_size":"h1","heading_alignment":"left","layout":"none","color_scheme":"","container_color_scheme":"","open_first_collapsible_row":false,"image_ratio":"adapt","desktop_layout":"image_second","padding_top":36,"padding_bottom":36}},"main":{"type":"main-page","disabled":true,"settings":{"padding_top":28,"padding_bottom":28}},"newsletter_gGhhgW":{"type":"newsletter","blocks":{"paragraph_HyV9JK":{"type":"paragraph","settings":{"text":"<p>Sign up for exclusive discounts and stay in the know<\/p>"}},"email_form_dKN6Kk":{"type":"email_form","settings":{}}},"block_order":["paragraph_HyV9JK","email_form_dKN6Kk"],"settings":{"color_scheme":"scheme-4","full_width":true,"padding_top":40,"padding_bottom":52}}},"order":["collapsible_content_8afAjh","main","newsletter_gGhhgW"]}