{"parent":"page.free-wig-try-on-2.json","context":{"market":"all"},"sections":{"custom_liquid_pAa6zb":{"custom_css":[],"settings":{"custom_liquid":"<div class=\"page-width contact-us-container screen\">\n  <div class=\"contact-info1\">\n    <h2>Company Address<\/h2>\n\n    <strong>Ailsa’s Wigs operates independently within the 121shoes retail store.<\/strong>\n    <p>Phone: <a href=\"tel:+44 077 1563 8527\">+44 077 1563 8527<\/a><\/p>\n    <p>Email: <a href=\"mailto:hello@ailsas.com\">hello@ailsas.com<\/a><\/p>\n    <p>Store Address: Unit 8, Cameron Toll Shopping Centre 6 Lady Road, Edinburgh, EH16 5PB United Kingdom<\/p>\n    \n\n  <\/div>\n\n  <div class=\"map-container\">\n    <iframe \n      src=\"https:\/\/www.google.com\/maps\/embed?pb=!1m18!1m12!1m3!1d2235.298387511024!2d-3.1663875228855884!3d55.926864978570656!2m3!1f0!2f0!3f0!3m2!1i1024!2i768!4f13.1!3m3!1m2!1s0x4887b89b1da54aaf%3A0xc9a94b54b280b9cb!2s8%2C%20Cameron%20Toll%20Shopping%20Centre%2C%206%20Lady%20Rd%2C%20Edinburgh%20EH16%205PB!5e0!3m2!1szh-CN!2suk!4v1760688401636!5m2!1szh-CN!2suk\" \n      allowfullscreen=\"\" \n      loading=\"lazy\" \n      referrerpolicy=\"no-referrer-when-downgrade\">\n    <\/iframe>\n  <\/div>\n<\/div>\n\n<style>\n  \/* 容器 *\/\n  .contact-us-container {\n    display: flex;\n    flex-wrap: nowrap; \/* 大屏幕不换行 *\/\n    margin: 0 auto;\n    box-sizing: border-box;\n  }\n\n  \/* 左栏信息 *\/\n  .contact-info1 {\n    flex: 0 0 50%; \n    padding: 40px;\n    background-color: #fff1ef;\n    box-sizing: border-box;\n  }\n\n  .contact-info1 h2 {\n    font-size: 28px;\n    margin-bottom: 20px;\n  }\n\n  .contact-info1 p {\n    font-size: 16px;\n    margin-bottom: 15px;\n  }\n\n  .contact-info1 strong {\n    display: block;\n    margin-top: 20px;\n    margin-bottom: 5px;\n    font-weight: bold;\n  }\n\n  .contact-info1 a {\n    color: #b85c26;\n    text-decoration: none;\n  }\n\n  \/* 右栏地图 *\/\n  .map-container {\n    flex: 1; \/* 占满剩余空间 *\/\n    \/*height: 450px;*\/\n  }\n\n  .map-container iframe {\n    width: 100%;\n    height: 100%;\n    border: 0;\n  }\n\n  \/* 响应式 *\/\n  @media screen and (max-width: 768px) {\n    .contact-us-container {\n      flex-direction: column;\n    }\n    .contact-info1 {\n      flex: none;\n      width: 100%;\n    }\n    .map-container {\n      width: 100%;\n      height: 300px;\n    }\n  }\n<\/style>"},"blocks":{}}}}