{"sections":{"image_banner_W6kdXG":{"type":"image-banner","custom_css":["@media screen and (max-width: 767px) {.blog_app {display: none; }}"],"settings":{"image":"shopify:\/\/shop_images\/Contact_Us.webp","banner_link":"","image_height":"adapt","desktop_content_position":"middle-center","desktop_content_alignment":"center","color_scheme":"","stack_images_on_mobile":true,"show_text_box":true,"image_overlay_opacity":0,"mobile_content_alignment":"center","show_text_below":true,"image_behavior":"none"}},"image_banner_JKkBqk":{"type":"image-banner","custom_css":["@media screen and (min-width: 768px) {.blog_app {display: none; }}"],"settings":{"image":"shopify:\/\/shop_images\/Contact_Us-app.webp","banner_link":"","image_height":"adapt","desktop_content_position":"middle-center","desktop_content_alignment":"center","color_scheme":"","stack_images_on_mobile":true,"show_text_box":true,"image_overlay_opacity":0,"mobile_content_alignment":"center","show_text_below":true,"image_behavior":"none"}},"rich_text_Ybt3Ux":{"type":"rich-text","blocks":{"heading_fFf7TN":{"type":"heading","settings":{"heading":"Store Location Notice","heading_size":"h1"}},"text_rXjkya":{"type":"text","settings":{"text":"<p>Ailsa’s Wigs operates as an independent brand within the 121shoes retail premises at Cameron Toll Shopping Centre in Edinburgh. This is a shared retail space, but Ailsa’s manages all branding, customer service, consultations, and transactions independently. Customers can visit by appointment for consultations, free try-ons, and in-store order collection.<\/p>"}},"button_wiNF4r":{"type":"button","disabled":true,"settings":{"button_label":"Button label","button_link":"","button_style_secondary":false,"button_label_2":"","button_link_2":"","button_style_secondary_2":false}}},"block_order":["heading_fFf7TN","text_rXjkya","button_wiNF4r"],"name":"t:sections.rich-text.presets.name","settings":{"desktop_content_position":"center","content_alignment":"left","color_scheme":"","full_width":true,"padding_top":40,"padding_bottom":52}},"contact_form_tKEH6U":{"type":"contact-form","custom_css":[".color-scheme-1 .contact-sidebar h3 {font-size: 2rem;}",".live-help-btn {display: none;}",".contact-sidebar p {font-size: 1.4rem;}",".contact-info {font-size: 1.4rem;}",".contact-sidebar p:nth-of-type(2) {display: none;}"],"settings":{"form_title":"Talk To Us","form_description":"We would love to answer any questions you may have. Please use the form below, and one of our team members will get back to you as soon as possible.","heading_size":"h1","sidebar_title":"Ailsa’s Wigs Retail Location (Inside 121shoes)","sidebar_subtitle":"Unit 8, Cameron Toll Shopping Centre\n6 Lady Road, Edinburgh, EH16 5PB\nUnited Kingdom","sidebar_description":"","live_help_title":"Shop & Consult In-Store","live_help_text":"This store offers appointment-based services including personalised wig consultations, free in-store try-ons, and order pickup.\nTo book an appointment, please use the form above or email us at hello@ailsas.com.","live_help_button_text":"","live_help_button_link":"","contact_phone":"Email: hello@ailsas.com Phone: +44 077 1563 8527","contact_email":"","contact_address":"","opening_hours":"Business Hours:\nMonday to Friday:10:00 AM – 5:00 PM; Saturday:11:00 AM – 4:30 PM; Sunday:Closed (excluding UK public holidays)","sidebar_bg_color":"#f9f9f9","button_bg_color":"#000000","button_text_color":"#ffffff","sidebar_width":300,"layout":"form_left","padding_top":36,"padding_bottom":36,"color_scheme":""}},"custom_liquid_HkVMTL":{"type":"custom-liquid","name":"t:sections.custom-liquid.presets.name","settings":{"custom_liquid":"<iframe src=\"https:\/\/www.google.com\/maps\/embed?pb=!1m18!1m12!1m3!1d2235.2915914877285!2d-3.1640435!3d55.9269828!2m3!1f0!2f0!3f0!3m2!1i1024!2i768!4f13.1!3m3!1m2!1s0x4887bf1e21f813e1%3A0x9cf446848b0b5bd7!2sAilsa&#39;s%20Wigs!5e0!3m2!1sen!2shk!4v1749201844138!5m2!1sen!2shk\" width=\"100%\" height=\"500\" style=\"border:0;\" allowfullscreen=\"\" loading=\"lazy\" referrerpolicy=\"no-referrer-when-downgrade\"><\/iframe>","color_scheme":"","padding_top":40,"padding_bottom":52}},"collection_list_dQCq4H":{"type":"collection-list","disabled":true,"custom_css":[".title-wrapper-with-link {margin-bottom: 0.1rem;}"],"settings":{"title":"Privacy Policy","heading_size":"h1","image_ratio":"square","columns_desktop":3,"color_scheme":"scheme-2","show_view_all":false,"columns_mobile":"1","swipe_on_mobile":false,"padding_top":36,"padding_bottom":36}},"collapsible_content_Jm6UVh":{"type":"collapsible-content","blocks":{"collapsible_row_EpFPEa":{"type":"collapsible_row","settings":{"heading":"Our Privacy Policy","icon":"check_mark","row_content":"<p>Alisas.com respects and protects the privacy of our users. For your privacy protection, all packages are shipped in unmarked packaging. In order to provide the best service to our customers, Ailsas.com regularly sends out special offers and discounts via electronic notification (email). You can unsubscribe from our notifications at any time by clicking the unsubscribe link at the bottom of Ailsas.com emails or by sending an unsubscribe email to <strong>hello@ailsas.com.<\/strong><\/p>","page":""}},"collapsible_row_BafxUW":{"type":"collapsible_row","settings":{"heading":"BEAUTY AND HAIR PRIVACY POLICY","icon":"check_mark","row_content":"<p>This Privacy Policy describes how your personal information is collected, used and shared when you visit Ailsas.com (the \"Site\") or make a purchase.<\/p>","page":""}},"collapsible_row_cj4HLz":{"type":"collapsible_row","settings":{"heading":"PERSONAL INFORMATION WE COLLECT","icon":"check_mark","row_content":"<p>When you visit this website, we automatically collect certain information about your device, including information about your web browser, IP address, time zone, and some cookies installed on your device. In addition, as you browse this website, we collect information about the individual pages or products you view, which websites or search terms brought you to this website, and information about how you interact with this website. We refer to this automatically collected information as \"Device Information\".<\/p>","page":""}},"collapsible_row_GW3ABY":{"type":"collapsible_row","settings":{"heading":"We collect Device Information using the following technologies","icon":"check_mark","row_content":"<p>“Cookies” are data files that are placed on your device or computer and often include an anonymous unique identifier. For more information about cookies, and how to disable cookies, visit http:\/\/www.allaboutcookies.org.<\/p><p>“Log files” track actions occurring on the Site, and collect data including your IP address, browser type, Internet service provider, referring\/exit pages, and date\/time stamps.<\/p><p>“Web beacons,” “tags,” and “pixels” are electronic files used to record information about how you browse the Site.<\/p><p>\"Javascript\" is a web technology that gathers data such as browser, device, mouse coordinates, screen resolution, mouse clicks, page navigation, URLs that help us to monitor and improve the website.<\/p><p>In addition, we collect certain information from you when you make a purchase or attempt to purchase through this site, including your name, billing address, shipping address, payment information (including credit card number, email address and phone number. We refer to this information as \"Order Information\").<\/p><p>When we talk about “Personal Information” in this Privacy Policy, we are talking both about Device Information and Order Information.<\/p>","page":""}},"collapsible_row_hTGbCJ":{"type":"collapsible_row","settings":{"heading":"HOW DO WE USE YOUR PERSONAL INFORMATION?","icon":"check_mark","row_content":"<p>We use the order information we generally collect to complete any orders placed through the Site (including processing your payment information, arranging shipping and providing you with invoices and\/or order confirmations). Additionally, we use this order information to:<\/p><p>- Communicate with you - Monitor and improve our website<\/p><p>- Screen our orders for potential risk or fraud<\/p><p>- Provide you with information or advertisements related to our products or services when in line with the preferences you share with us.<\/p><p>- We use the device information we collect to help us screen for potential risk and fraud (especially your IP address), and more generally to improve and optimize our website (for example, by generating information about how our customers are analysis of browsing and interaction with the website, and evaluating the success of our marketing and advertising campaigns).<\/p>","page":""}},"collapsible_row_xaw4dF":{"type":"collapsible_row","settings":{"heading":"SHARING YOUR PERSONAL INFORMATION","icon":"check_mark","row_content":"<p>We share your Personal Information with third parties to help us use your Personal Information, as described above.  For example, we use Shopify to power our online store--you can read more about how Shopify uses your Personal Information here:  https:\/\/www.shopify.com\/legal\/privacy.  We also use Google Analytics to help us understand how our customers use the Site--you can read more about how Google uses your Personal Information here:  https:\/\/www.google.com\/intl\/en\/policies\/privacy\/.  You can also opt-out of Google Analytics here:  https:\/\/tools.google.com\/dlpage\/gaoptout.   Finally, we may also share your Personal Information to comply with applicable laws and regulations, to respond to a subpoena, search warrant or other lawful request for information we receive, or to otherwise protect our rights.<\/p>","page":""}},"collapsible_row_9DAYqW":{"type":"collapsible_row","settings":{"heading":"BEHAVIOURAL ADVERTISING","icon":"check_mark","row_content":"<p>As described above, we use your personal information to provide you with targeted advertising or marketing communications that we believe may be of interest to you. For more information on how targeted advertising works, you can visit the Network Advertising Initiative's (\"NAI\") education page at http:\/\/www.networkadvertising.org\/understanding-online-advertising\/how-does-it-work . <br\/><br\/>You can opt out of targeted advertising by:<br\/>FACEBOOK - https:\/\/www.facebook.com\/settings\/?tab=ads<br\/>GOOGLE - https:\/\/www.google.com\/settings\/ads\/anonymous<br\/>BING - https:\/\/advertise.bingads.microsoft.com\/en-us\/resources\/policies\/personalized-ads<br\/>Additionally, you can opt out of some of these services by visiting the Digital Advertising Alliance’s opt-out portal at:  http:\/\/optout.aboutads.info\/.<\/p>","page":""}},"collapsible_row_PGFyDq":{"type":"collapsible_row","settings":{"heading":"DO NOT TRACK","icon":"check_mark","row_content":"<p>Please note that when we see a \"Do Not Track\" signal from your browser, we do not change our website's data collection and use practices.<\/p>","page":""}},"collapsible_row_enM7M8":{"type":"collapsible_row","settings":{"heading":"YOUR RIGHTS","icon":"check_mark","row_content":"<p>If you are a European resident, you have the right to access the personal information we hold about you and to request that your personal information be corrected, updated or deleted. If you would like to exercise this right, please contact us at hello@ailsas.com to request your information. In addition, if you are a resident of Europe, we notice that we are processing your information to fulfill the contract we may sign with you (for example, if you place an order through this website), or otherwise pursue the legitimate business interests listed above. In addition, please note that your information will be transmitted outside Europe, including Canada and the United States.<\/p>","page":""}},"collapsible_row_G6EPAq":{"type":"collapsible_row","settings":{"heading":"DATA RETENTION","icon":"check_mark","row_content":"<p>When you place an order through this website, we will retain your order information for our records unless you request that we delete this information.<\/p>","page":""}},"collapsible_row_pkUKwj":{"type":"collapsible_row","settings":{"heading":"CHANGES ","icon":"check_mark","row_content":"<p>We may update this Privacy Policy from time to time to reflect, for example, changes in our practices or other operational, legal or regulatory reasons.<\/p>","page":""}},"collapsible_row_reEJTH":{"type":"collapsible_row","settings":{"heading":"CONTACT US ","icon":"check_mark","row_content":"<p>For more information about our privacy practices, if you have questions, or if you would like to make a complaint, please contact us by e-mail at hello@ailsas.com or by mail using the details provided below: Ailsas.com, Unit 8, Cameron Toll Shopping Centre, 6 Lady Rd, Edinburgh, United Kingdom<br\/><br\/><strong>hello@ailsas.com<\/strong><\/p>","page":""}}},"block_order":["collapsible_row_EpFPEa","collapsible_row_BafxUW","collapsible_row_cj4HLz","collapsible_row_GW3ABY","collapsible_row_hTGbCJ","collapsible_row_xaw4dF","collapsible_row_9DAYqW","collapsible_row_PGFyDq","collapsible_row_enM7M8","collapsible_row_G6EPAq","collapsible_row_pkUKwj","collapsible_row_reEJTH"],"disabled":true,"custom_css":[".color-scheme-1 .collapsible-content-wrapper-narrow {max-width: 70%;}","@media screen and (max-width: 767px) {.color-scheme-1 .collapsible-content-wrapper-narrow {max-width: 100%; }}",".accordion__title {font-size: 1.8rem;}",".accordion__content {padding-top: 1.2rem;}",".accordion__content p {font-size: 1.4rem;}"],"settings":{"caption":"","heading":"","heading_size":"h1","heading_alignment":"center","layout":"none","color_scheme":"","container_color_scheme":"","open_first_collapsible_row":false,"image_ratio":"adapt","desktop_layout":"image_second","padding_top":36,"padding_bottom":36}},"main":{"type":"main-page","disabled":true,"settings":{"padding_top":28,"padding_bottom":28}},"newsletter_gGhhgW":{"type":"newsletter","blocks":{"paragraph_HyV9JK":{"type":"paragraph","settings":{"text":"<p>Sign up for exclusive discounts and stay in the know<\/p>"}},"email_form_dKN6Kk":{"type":"email_form","settings":{}}},"block_order":["paragraph_HyV9JK","email_form_dKN6Kk"],"settings":{"color_scheme":"scheme-4","full_width":true,"padding_top":40,"padding_bottom":52}}},"order":["image_banner_W6kdXG","image_banner_JKkBqk","rich_text_Ybt3Ux","contact_form_tKEH6U","custom_liquid_HkVMTL","collection_list_dQCq4H","collapsible_content_Jm6UVh","main","newsletter_gGhhgW"]}