{"sections":{"collection_list_dQCq4H":{"type":"collection-list","custom_css":[".title-wrapper-with-link {margin-bottom: 0.1rem;}"],"settings":{"title":"Terms And Conditions","heading_size":"h1","image_ratio":"square","columns_desktop":3,"color_scheme":"scheme-2","show_view_all":false,"columns_mobile":"1","swipe_on_mobile":false,"padding_top":36,"padding_bottom":36}},"collapsible_content_Jm6UVh":{"type":"collapsible-content","blocks":{"collapsible_row_EpFPEa":{"type":"collapsible_row","settings":{"heading":"Effective Date","icon":"check_mark","row_content":"<p><strong>Effective Date: 23 May 2025<\/strong><\/p><p><br\/>These Terms and Conditions govern your use of the website www.ailsas.com (“Site”), operated by CLYDE ZHAO E-COMMERCE LIMITED (trading as “Ailsas”, “we”, “us”, “our”). By accessing or using this Site, you agree to these terms, which define the legal relationship between you (“Customer”, “you”) and us.<br\/><\/p>","page":""}},"collapsible_row_BafxUW":{"type":"collapsible_row","settings":{"heading":"Use of the Website","icon":"check_mark","row_content":"<p>By using our Site, you confirm that you are at least 18 years old or under parental supervision. You agree not to misuse the Site or engage in unlawful activity. We reserve the right to deny access, suspend accounts, or cancel orders in case of abuse or violation.<\/p>","page":""}},"collapsible_row_cj4HLz":{"type":"collapsible_row","settings":{"heading":"Account Registration","icon":"check_mark","row_content":"<p>Each customer may register one account. You are responsible for maintaining the confidentiality of your login information and for all activity under your account.<\/p>","page":""}},"collapsible_row_GW3ABY":{"type":"collapsible_row","settings":{"heading":"Orders and Acceptance","icon":"check_mark","row_content":"<p>Placing an order on our Site constitutes a purchase offer. We may accept or decline any order at our discretion. We may cancel an order due to product unavailability, price errors, or failed payment verification.<\/p>","page":""}},"collapsible_row_hTGbCJ":{"type":"collapsible_row","settings":{"heading":"Shipping and Delivery","icon":"check_mark","row_content":"<p><br\/>We offer shipping within the UK and selected international destinations. Shipping times are estimated and not guaranteed, as they may be affected by external factors such as public holidays, weather conditions, or courier disruptions.<br\/><br\/>Risk of loss or damage to the goods passes to you only once they have been delivered to you or to a person identified by you to receive them, in accordance with the Consumer Rights Act 2015.<br\/><br\/>Orders are generally considered complete upon successful delivery to the address you provided. If your tracking shows the parcel has been delivered but you have not received it, please contact us immediately at hello@ailsas.com. We will investigate the matter with the courier and work with you to reach a fair resolution.<br\/><\/p>","page":""}},"collapsible_row_xaw4dF":{"type":"collapsible_row","settings":{"heading":"Returns and Refunds","icon":"check_mark","row_content":"<p><br\/>You may request a return within 30 days from the date you receive your order.<br\/><br\/>Returned products must be in their original condition, with all original packaging, tags, and accessories intact. You are entitled to inspect the goods to determine their nature, characteristics, and functionality — similar to how you would in a physical store. If the product shows signs of use beyond what is necessary for this purpose, we reserve the right to deduct a reasonable amount from the refund to reflect any loss in value.<br\/><br\/>Due to hygiene reasons, wigs must not be worn, altered, cut, bleached, or dyed, and the lace must remain uncut and intact. If your item is delivered with a hygiene seal, once broken, it becomes non-returnable unless faulty.<br\/><br\/>Refunds are issued to the original payment method within 10 business days after the returned item has been received and inspected. Returns that do not meet the eligibility criteria may be rejected.<br\/><\/p>","page":""}},"collapsible_row_9DAYqW":{"type":"collapsible_row","settings":{"heading":"Prices, Taxes and Payments","icon":"check_mark","row_content":"<p>All prices are in GBP and include UK VAT. International buyers are responsible for any duties, taxes, or clearance charges. We may correct pricing errors or update prices without notice.<\/p>","page":""}},"collapsible_row_PGFyDq":{"type":"collapsible_row","settings":{"heading":"Intellectual Property","icon":"check_mark","row_content":"<p>All content on the Site belongs to Ailsas or its licensors. You may not use, copy, or distribute content without our written permission.<\/p><p> <\/p>","page":""}},"collapsible_row_enM7M8":{"type":"collapsible_row","settings":{"heading":"User Content and Reviews","icon":"check_mark","row_content":"<p>By submitting content (e.g. reviews), you grant Ailsas a non-exclusive, royalty-free license to use, display, and modify the content. You confirm you own the rights and your content does not infringe third-party rights.<\/p>","page":""}},"collapsible_row_pkUKwj":{"type":"collapsible_row","settings":{"heading":"Your Rights and Responsibilities","icon":"check_mark","row_content":"<p><strong>As a customer, you have the right to<\/strong>:<\/p><p>·Receive accurate product and pricing information<\/p><p>·Return eligible products under our return policy<\/p><p>·Request correction, access, or deletion of your personal data<\/p><p>·Contact us to resolve any purchase-related issues<\/p><p> <\/p><p><strong>You are responsible for<\/strong>:<\/p><p>·Providing accurate shipping and billing information<\/p><p>·Using the website in compliance with laws and our policies<\/p><p>·Respecting our intellectual property and terms of service<\/p>","page":""}},"collapsible_row_reEJTH":{"type":"collapsible_row","settings":{"heading":"Our Rights and Responsibilities","icon":"check_mark","row_content":"<p><strong>As the service provider, Ailsas is responsible for:<\/strong><\/p><p>·Delivering products as described on the Site<\/p><p>·Offering a transparent return and refund process<\/p><p>·Protecting your personal information under UK data laws<\/p><p>·Responding to customer inquiries in a timely and fair manner<\/p><p> <\/p><p><strong>We reserve the right to:<\/strong><\/p><p>·Cancel or limit orders based on product availability or misuse<\/p><p>·Update or discontinue products and services without prior notice<\/p><p>·Restrict access to users who breach our policies or misuse our Site<\/p>","page":""}},"collapsible_row_Xi9qyf":{"type":"collapsible_row","settings":{"heading":"Limitation of Liability","icon":"check_mark","row_content":"<p>To the extent permitted by law, Ailsas is not liable for indirect or incidental losses. This does not affect your statutory consumer rights.<\/p>","page":""}},"collapsible_row_KQkWBy":{"type":"collapsible_row","settings":{"heading":"Force Majeure","icon":"check_mark","row_content":"<p>We are not liable for failure to perform obligations due to events beyond our control, including natural disasters, war, strikes, or service interruptions.<\/p>","page":""}},"collapsible_row_pAmRtV":{"type":"collapsible_row","settings":{"heading":"Governing Law and Jurisdiction","icon":"check_mark","row_content":"<p>These Terms are governed by the laws of the United Kingdom.<\/p><p>·Consumers may file claims in their country of residence or in the UK<\/p><p>·Business users agree to the exclusive jurisdiction of the courts of Scotland<\/p>","page":""}},"collapsible_row_yRbUWa":{"type":"collapsible_row","settings":{"heading":"Contact Us","icon":"check_mark","row_content":"<p>If you have questions about these Terms, contact us at:<br\/>Email: <a href=\"mailto:hello@ailsas.com\"><span style=\"text-decoration:underline\">hello@ailsas.com<\/span><\/a><\/p>","page":""}}},"block_order":["collapsible_row_EpFPEa","collapsible_row_BafxUW","collapsible_row_cj4HLz","collapsible_row_GW3ABY","collapsible_row_hTGbCJ","collapsible_row_xaw4dF","collapsible_row_9DAYqW","collapsible_row_PGFyDq","collapsible_row_enM7M8","collapsible_row_pkUKwj","collapsible_row_reEJTH","collapsible_row_Xi9qyf","collapsible_row_KQkWBy","collapsible_row_pAmRtV","collapsible_row_yRbUWa"],"custom_css":[".color-scheme-1 .collapsible-content-wrapper-narrow {max-width: 70%;}","@media screen and (max-width: 767px) {.color-scheme-1 .collapsible-content-wrapper-narrow {max-width: 100%; }}",".accordion__title {font-size: 1.8rem;}",".accordion__content {padding-top: 1.2rem;}",".accordion__content p {font-size: 1.4rem;}"],"settings":{"caption":"","heading":"","heading_size":"h1","heading_alignment":"center","layout":"none","color_scheme":"","container_color_scheme":"","open_first_collapsible_row":false,"image_ratio":"adapt","desktop_layout":"image_second","padding_top":36,"padding_bottom":36}},"main":{"type":"main-page","disabled":true,"settings":{"padding_top":28,"padding_bottom":28}},"newsletter_gGhhgW":{"type":"newsletter","blocks":{"paragraph_HyV9JK":{"type":"paragraph","settings":{"text":"<p>Sign up for exclusive discounts and stay in the know<\/p>"}},"email_form_dKN6Kk":{"type":"email_form","settings":{}}},"block_order":["paragraph_HyV9JK","email_form_dKN6Kk"],"settings":{"color_scheme":"scheme-4","full_width":true,"padding_top":40,"padding_bottom":52}}},"order":["collection_list_dQCq4H","collapsible_content_Jm6UVh","main","newsletter_gGhhgW"]}