{"sections":{"rich_text_L6jdbN":{"type":"rich-text","blocks":{"heading_HVnchH":{"type":"heading","settings":{"heading":"Return Policy","heading_size":"h1"}}},"block_order":["heading_HVnchH"],"settings":{"desktop_content_position":"left","content_alignment":"left","color_scheme":"scheme-2","full_width":true,"padding_top":40,"padding_bottom":52}},"collapsible_content_xdpKCY":{"type":"collapsible-content","blocks":{"collapsible_row_9jddiJ":{"type":"collapsible_row","settings":{"heading":"Return Eligibility ","icon":"clipboard","row_content":"<p><br\/>We are happy to accept returns and exchanges within 30 days from the date you receive your order<\/p><p><br\/>Returned products must be in their original condition, with all tags, inner packaging, and accessories intact. You may inspect the item to determine its nature, characteristics, and functionality (as you would in a physical store). However, if the product shows signs of use beyond what is necessary for such inspection, we reserve the right to deduct a reasonable amount from your refund to reflect any diminished value.<br\/><\/p><p><br\/>Due to hygiene reasons, wigs must not be cut, bleached, dyed, altered, or visibly worn. The lace must remain uncut and unaltered. For these reasons, we recommend inspecting the wig without removing the inner hair net or tampering with the lace.<br\/><br\/>If your item is delivered with a hygiene seal, once broken, the item becomes non-returnable unless it is faulty.<br\/><br\/>Unauthorised or returned items that do not meet these criteria may not be eligible for a refund. <br\/><br\/><a href=\"\/pages\/returns-and-exchanges\" title=\"Returns and Exchanges\">NEED TO RETURN. <\/a><br\/><\/p>","page":""}},"collapsible_row_R8VEWh":{"type":"collapsible_row","settings":{"heading":"Return Methods and Fees","icon":"clipboard","row_content":"<p>Return Method: Mail<br\/>Return Label: Downloadable PDF file provided (free of charge)<br\/>Restocking Fee: None<br\/>Ailsas will cover the full return shipping costs for eligible returns.<br\/>However, if a package is returned to Ailsas.com due to incorrect delivery information provided by the customer or the customer refusing delivery without prior notice, a <strong>£5<\/strong> handling fee will be deducted from the refund amount.<\/p>","page":""}},"collapsible_row_M9VNVA":{"type":"collapsible_row","settings":{"heading":"Refund Processing","icon":"check_mark","row_content":"<p>· Refunds will be refunded to the original payment method<br\/>· Refund processing time: 3-10 business days, up to 10 business days<br\/>· If your original card has expired, please contact your card issuer<br\/><\/p>","page":""}},"collapsible_row_3RDhrc":{"type":"collapsible_row","settings":{"heading":"How to return","icon":"clipboard","row_content":"<p>·Initiate a request: Please contact our customer service within 30 days of receiving your order. To initiate a return, please provide your order number, the reason for the return, and clear photos of the item. <br\/>· Approval: Upon approval, we will send you a return address.<br\/>· Refund: After inspecting your returned item, we will complete the refund within 3-10 business days.<\/p>","page":""}},"collapsible_row_at7DQD":{"type":"collapsible_row","settings":{"heading":"Exchanges","icon":"clipboard","row_content":"<p>Exchange Process:<br\/>Please follow the return steps above.<br\/>Our customer service team will confirm the item you want to exchange and assist you with any price difference.<br\/>Once we receive the original item, your exchange will be processed within 5 business days.<br\/>All shipping costs related to exchanges are borne by Ailsas.<\/p>","page":""}},"collapsible_row_bAde4T":{"type":"collapsible_row","settings":{"heading":"Order Cancellation","icon":"clipboard","row_content":"<p><br\/>If you want to cancel your order, please contact our customer service team within 1 hour of placing the order. <br\/><br\/>After the package be shipped out, the shipment is not able to be stopped, so if you want to cancel the order but contact us too late, you can return it for a full refund after you receive the package. For more information on how to return, please click on the return policy. The only thing we can do is wait for the parcel to return to us. When we are determined to return it to the warehouse, we can ship it to your correct address or return the order amount to you.<br\/><\/p>","page":""}},"collapsible_row_mJCtfa":{"type":"collapsible_row","disabled":true,"settings":{"heading":"Wig Bundle Gift Campaign:Other Important Notes","icon":"clipboard","row_content":"<p><br\/>Ailsa’s reserves the right to make final decisions regarding gift pack qualification and substitutions.<br\/><br\/>This campaign cannot be combined with other promotions offering physical gifts.<br\/><br\/>Terms are subject to change at any time without prior notice.<br\/><br\/>📞 Contact Us<br\/>Have questions? We’re happy to help:<br\/>📧 Email: hello@ailsas.com<br\/>📞 Phone: +44 077-1563-8527<br\/><br\/><br\/>Ailsa’s – Not Just Beauty. Confidence, delivered with care.<\/p>","page":""}}},"block_order":["collapsible_row_9jddiJ","collapsible_row_R8VEWh","collapsible_row_M9VNVA","collapsible_row_3RDhrc","collapsible_row_at7DQD","collapsible_row_bAde4T","collapsible_row_mJCtfa"],"custom_css":[".color-scheme-1 .collapsible-content-wrapper-narrow {max-width: 70%;}","@media screen and (max-width: 767px) {.color-scheme-1 .collapsible-content-wrapper-narrow {max-width: 100%; }}",".accordion__title {font-size: 1.8rem;}",".accordion__content {padding-top: 1.2rem;}",".accordion__content p {font-size: 1.4rem;}"],"settings":{"caption":"","heading":"","heading_size":"h1","heading_alignment":"left","layout":"none","color_scheme":"scheme-1","container_color_scheme":"","open_first_collapsible_row":false,"image_ratio":"adapt","desktop_layout":"image_second","padding_top":36,"padding_bottom":36}},"collapsible_content_8afAjh":{"type":"collapsible-content","blocks":{"collapsible_row_U6bLD9":{"type":"collapsible_row","settings":{"heading":"UGC Cashback Campaign: Campaign Overview","icon":"clipboard","row_content":"<p><\/p><p>We value every voice from our customers. Join our User Generated Content (UGC) Cashback Campaign and receive 50% cashback on your wig order by submitting authentic photos or videos of your wig-wearing experience!<\/p><p><\/p>","page":""}},"collapsible_row_JDe6gQ":{"type":"collapsible_row","settings":{"heading":"UGC Cashback Campaign: Eligibility","icon":"clipboard","row_content":"<p><\/p><p>Open to customers who have purchased any wig product directly from ailsas.com.<br\/><br\/>Accessories (such as wig caps or styling tools) are excluded from this campaign.<br\/><br\/>Valid only for customers residing in the UK.<br\/><br\/><\/p>","page":""}},"collapsible_row_NT8676":{"type":"collapsible_row","settings":{"heading":"UGC Cashback Campaign:  How to Participate","icon":"clipboard","row_content":"<p><\/p><p>Step 1 – Place an order for any wig on our website.<br\/><br\/>Step 2 – After receiving the wig, submit one of the following:<br\/><br\/>Clear, front-facing photo(s) wearing the wig (minimum three image)<br\/><br\/>Short video showing unboxing, trying-on, or styling experience<br\/><br\/>Step 3 – Email your submission to:<br\/>hello@ailsas.com<br\/>Include your order number, name, and media content in the email.<\/p><p><\/p>","page":""}},"collapsible_row_ERQhmA":{"type":"collapsible_row","settings":{"heading":"UGC Cashback Campaign:  Cashback Details","icon":"clipboard","row_content":"<p><br\/>✔️ Get 50% of your order value back once your content is approved.<br\/><br\/>✔️ Cashback will be returned via the original payment method.<br\/><br\/>✔️ Processing time: 3 working days<br\/><br\/>✔️ One cashback per order only<br\/><\/p>","page":""}},"collapsible_row_pEnncA":{"type":"collapsible_row","settings":{"heading":"UGC Cashback Campaign: Participation Limit","icon":"clipboard","row_content":"<p><br\/>The offer is available for the first <strong>100 <\/strong>qualified participants only – on a first-come, first-served basis.<\/p><p>No official end date, but spots are limited. Act fast!<\/p><p><\/p>","page":""}},"collapsible_row_KrHU7p":{"type":"collapsible_row","settings":{"heading":"UGC Cashback Campaign: Content Rights","icon":"clipboard","row_content":"<p><\/p><p>By submitting your content, you agree to grant Ailsa’s the rights to use your photos or videos for:<br\/><br\/>Website display<br\/><br\/>Social media and advertising campaigns<br\/><br\/>Email promotions and related marketing activities<br\/><br\/>Ailsa’s may edit or crop submissions for visual clarity without altering the intent or authenticity. All content will be handled in accordance with our Privacy Policy.<\/p><p><\/p>","page":""}},"collapsible_row_GpCBrz":{"type":"collapsible_row","settings":{"heading":"UGC Cashback Campaign: Disclaimer & Final Rights","icon":"clipboard","row_content":"<p><\/p><p>Ailsa’s reserves the right to make final decisions regarding cashback eligibility.<br\/><br\/>Fraudulent, unclear, or duplicate content will not qualify.<br\/><br\/>These terms may be subject to change without prior notice.<br\/><br\/>📞 Contact Us<br\/>Need help? We’re here for you:<br\/>📧 Email: hello@ailsas.com<br\/>📞 Customer Service: +44  077-1563-8527<br\/><br\/><br\/>💖 Thank you for helping us inspire others.<br\/>Ailsa’s – Not Just Beauty. Confidence starts here.<\/p><p><\/p>","page":""}}},"block_order":["collapsible_row_U6bLD9","collapsible_row_JDe6gQ","collapsible_row_NT8676","collapsible_row_ERQhmA","collapsible_row_pEnncA","collapsible_row_KrHU7p","collapsible_row_GpCBrz"],"disabled":true,"custom_css":[".color-scheme-1 .collapsible-content-wrapper-narrow {max-width: 70%;}","@media screen and (max-width: 767px) {.color-scheme-1 .collapsible-content-wrapper-narrow {max-width: 100%; }}",".accordion__title {font-size: 1.8rem;}",".accordion__content {padding-top: 1.2rem;}",".accordion__content p {font-size: 1.4rem;}"],"settings":{"caption":"Share Your Wig Story – Get 50% Cashback!","heading":"Ailsa’s UGC Cashback Campaign – Terms & Conditions","heading_size":"h1","heading_alignment":"left","layout":"none","color_scheme":"","container_color_scheme":"","open_first_collapsible_row":false,"image_ratio":"adapt","desktop_layout":"image_second","padding_top":36,"padding_bottom":36}},"main":{"type":"main-page","disabled":true,"settings":{"padding_top":28,"padding_bottom":28}},"newsletter_gGhhgW":{"type":"newsletter","blocks":{"paragraph_HyV9JK":{"type":"paragraph","settings":{"text":"<p>Sign up for exclusive discounts and stay in the know<\/p>"}},"email_form_dKN6Kk":{"type":"email_form","settings":{}}},"block_order":["paragraph_HyV9JK","email_form_dKN6Kk"],"settings":{"color_scheme":"scheme-4","full_width":true,"padding_top":40,"padding_bottom":52}}},"order":["rich_text_L6jdbN","collapsible_content_xdpKCY","collapsible_content_8afAjh","main","newsletter_gGhhgW"]}