{"sections":{"collection_list_jjbyKy":{"type":"collection-list","custom_css":[".title-wrapper-with-link {margin-bottom: 0.1rem;}"],"settings":{"title":"Store Policies","heading_size":"h0","image_ratio":"square","columns_desktop":1,"color_scheme":"scheme-2","show_view_all":false,"columns_mobile":"1","swipe_on_mobile":false,"padding_top":36,"padding_bottom":36}},"collapsible_content_UcGnNz":{"type":"collapsible-content","blocks":{"collapsible_row_FBbFJh":{"type":"collapsible_row","settings":{"heading":"Payment Options","icon":"clipboard","row_content":"<p>We accept the following payment methods:<br\/><strong>Visa, Mastercard, American Express, Discover, Diners Club, Apple Pay, Google Pay, Klarna, Maestro, UnionPay, and PayPal.<\/strong><\/p><p><br\/>All payments except PayPal are securely processed via <strong>Shopify Payments<\/strong>. For your privacy, all credit card transactions will appear as billed by Ailsas. Packages are shipped from Ailsas.<\/p><p><br\/>Please note: In accordance with PayPal’s best practice guidelines, orders paid via PayPal are captured within 24–72 hours of order placement.<\/p>","page":""}},"collapsible_row_jhdyLb":{"type":"collapsible_row","settings":{"heading":"Order Processing","icon":"clipboard","row_content":"<p>Our dispatch days are Monday to Friday, 10:00am–5:00pm (excluding public holidays).<br\/><br\/>Orders require 1–2 working days to be processed before shipping. Our dispatch days are Monday to Friday, 10:00am–5:00pm (excluding public holidays).Once your order is marked as “shipped,” we are unable to make any changes or cancellations.Please ensure all billing and shipping details are accurate to avoid delays or extra charges. If updates are necessary, contact us at hello@ailsas.com  as soon as possible.<\/p>","page":""}},"collapsible_row_hYXTRz":{"type":"collapsible_row","settings":{"heading":"Tracking Your Order","icon":"clipboard","row_content":"<p>For the most efficient service, please be sure to register an account with us!<\/p><p>Go to ailsas.com If you are using your phone or tablet, click on the ‘Account’ button located under the Ailsas.com logo. If you using a desktop or laptop, click on the ‘Account’ button located above the search bar on the right-hand side. Follow the login prompt by entering your email and password. Once you’ve logged into your account, under the ‘Order History’ section and click on the Order you are wanting to track. If your order has shipped, a Royal Mail tracking number will be added under the Product information.<\/p><p>Once your order has shipped, you will also receive email updates from Royal Mail with shipping and tracking information to the email address you used to place your order.<\/p>","page":""}},"collapsible_row_DT8kdK":{"type":"collapsible_row","settings":{"heading":"Backorders","icon":"clipboard","row_content":"<p>Occasionally backorders occur when requests for a particular item exceed available inventory.<\/p><p>If a backorder occurs on your ordered product, we will contact you via email and you will be given the option to:(1) select a new item, (2) request to be placed on a priority waitlist to receive the product once it becomes available for shipment (Note: we will complete the charge to the payment method used with your original order), or (3) cancel the original order. If we do not hear back on which backorder option you choose, backorders are canceled after 2 days and credited back to their payment source.<\/p><p>We will promptly ship the item(s) once they become available with the original shipping method selected at checkout. For orders containing multiple products, if there are products in the order that are not available for delivery, we will contact you by email as soon as possible. If you do not respond to the email within two working days, we will only issue refunds for non-shippable items, and shippable items will be shipped normally. <\/p><p>For more information, please contact us by email at hello@ailsas.com.<\/p>","page":""}},"collapsible_row_JwpTqk":{"type":"collapsible_row","settings":{"heading":"Coupons","icon":"clipboard","row_content":"<p><strong>Coupon usage rules:<\/strong><\/p><p>·Coupons must be used in a single transaction.<\/p><p>·<strong>Only one coupon code can be applied per order, per customer.<\/strong><\/p><p><strong>·Most coupons are single-use only unless otherwise stated.<\/strong><\/p><p>·Coupons must be applied at checkout and cannot be retroactively added.<\/p><p>·Coupons are not redeemable for cash, gift cards, or store credit.<\/p><p>·No reproductions, substitutions, or rain checks are accepted.<\/p><p>·Discounts apply to product price only, not taxes, shipping, or handling fees.<\/p><p>·Return or exchange of discounted items may result in an adjusted refund.<\/p><p><strong>·Coupon eligibility may vary by promotion. Ailsas.com reserves final interpretation.<\/strong><\/p>","page":""}}},"block_order":["collapsible_row_FBbFJh","collapsible_row_jhdyLb","collapsible_row_hYXTRz","collapsible_row_DT8kdK","collapsible_row_JwpTqk"],"custom_css":[".color-scheme-1 .collapsible-content-wrapper-narrow {max-width: 70%;}","@media screen and (max-width: 767px) {.color-scheme-1 .collapsible-content-wrapper-narrow {max-width: 100%; }}",".accordion__title {font-size: 1.8rem;}",".accordion__content {padding-top: 1.2rem;}",".accordion__content p {font-size: 1.4rem;}"],"settings":{"caption":"","heading":"Orders","heading_size":"h1","heading_alignment":"left","layout":"none","color_scheme":"","container_color_scheme":"","open_first_collapsible_row":false,"image_ratio":"small","desktop_layout":"image_second","padding_top":36,"padding_bottom":36}},"collapsible_content_7GEhTn":{"type":"collapsible-content","blocks":{"collapsible_row_KbPFYB":{"type":"collapsible_row","settings":{"heading":"Shipping & Handling","icon":"clipboard","row_content":"<p>We recommend all deliveries be made to a physical address so packages can be tracked and delivered correctly.<br\/><br\/>We offer FREE Standard Shipping for orders over in the UK and have multiple shipping options to make sure your purchase arrives on time. Note: For the card holder's protection, the company reserves the right to send orders to the billing address if a differing shipping address cannot be verified.<br\/><br\/>Orders may take between 1-3 working days to process before shipping out.<\/p>","page":""}},"collapsible_row_PfnBCt":{"type":"collapsible_row","settings":{"heading":"Shipping Options","icon":"clipboard","row_content":"<ul><li>We offer 2 shipping options:<br\/><\/li><li>Royal Mail<\/li><li>DPD<br\/><br\/>We will select courier service providers for delivery according to the actual situation. The products you purchased will only be sent by the above-mentioned courier companies, and you cannot choose independently when purchasing.<\/li><\/ul>","page":""}},"collapsible_row_b6XUra":{"type":"collapsible_row","settings":{"heading":"Exchange Policy","icon":"clipboard","row_content":"<p>Your satisfaction is our goal. We accept returns on all eligible products within 30 days from the date the order is shipped. Please see our<strong> <\/strong><a href=\"\/pages\/return-and-exchange-policy\" title=\"Return And Exchange Policy\"><strong>Return<\/strong><\/a> Policy for our eligible product standards. <\/p>","page":""}},"collapsible_row_bUxRpw":{"type":"collapsible_row","settings":{"heading":"Additional Shipping","icon":"clipboard","row_content":"<p>Charges For shipments returned to Ailsas.com due to bad address information or refusal upon delivery, there will be a 5£ fee automatically charged.<\/p>","page":""}},"collapsible_row_3qaX3m":{"type":"collapsible_row","settings":{"heading":"Shipping Delays","icon":"clipboard","row_content":"<p>Shipping delays may occur due to holidays, natural disasters, or carrier delays. Please keep in mind holidays and weekends do not count as business days and should be considered when calculating shipping times.If you need additional information, please email hello@Ailsas.com.<\/p><p>If you are concerned with weather delaying your order, check the Service Alerts page on DPD or Royal Mail for updated notices about shipping delays due to weather.<\/p>","page":""}},"collapsible_row_qWw4x7":{"type":"collapsible_row","settings":{"heading":"Sales Tax","icon":"clipboard","row_content":"<p>Ailsas.com is required to collect sales tax according to UK sales tax law. The appropriate charges will be added to your order total during checkout and displayed on your final order confirmation. If you have questions about your sales tax, please contact your local tax office.<\/p>","page":""}}},"block_order":["collapsible_row_KbPFYB","collapsible_row_PfnBCt","collapsible_row_b6XUra","collapsible_row_bUxRpw","collapsible_row_3qaX3m","collapsible_row_qWw4x7"],"disabled":true,"custom_css":[".color-scheme-1 .collapsible-content-wrapper-narrow {max-width: 70%;}","@media screen and (max-width: 767px) {.color-scheme-1 .collapsible-content-wrapper-narrow {max-width: 100%; }}",".accordion__title {font-size: 1.8rem;}",".accordion__content {padding-top: 1.2rem;}",".accordion__content p {font-size: 1.4rem;}"],"settings":{"caption":"","heading":"Shipping & Handling","heading_size":"h1","heading_alignment":"left","layout":"none","color_scheme":"","container_color_scheme":"","open_first_collapsible_row":false,"image_ratio":"small","desktop_layout":"image_second","padding_top":36,"padding_bottom":36}},"collapsible_content_AExYRr":{"type":"collapsible-content","blocks":{"collapsible_row_8tLG7r":{"type":"collapsible_row","settings":{"heading":"Policy Changes","icon":"clipboard","row_content":"<p>Ailsas.com reserves the right at our discretion to make changes to these policies at any time. Please check this page periodically for changes.<\/p>","page":""}},"collapsible_row_hqJWg4":{"type":"collapsible_row","settings":{"heading":"Fraud & Theft","icon":"clipboard","row_content":"<p>CREDIT CARD FRAUD AND THEFT OF OUR MERCHANDISE IS ILLEGAL AND THOSE RESPONSIBLE WILL BE PROSECUTED<\/p>","page":""}},"collapsible_row_zBA3nE":{"type":"collapsible_row","settings":{"heading":"Final interpretation","icon":"clipboard","row_content":"<p>Ailsas.com reserves the right of final explanation of all policies.<\/p>","page":""}}},"block_order":["collapsible_row_8tLG7r","collapsible_row_hqJWg4","collapsible_row_zBA3nE"],"custom_css":[".color-scheme-1 .collapsible-content-wrapper-narrow {max-width: 70%;}","@media screen and (max-width: 767px) {.color-scheme-1 .collapsible-content-wrapper-narrow {max-width: 100%; }}",".accordion__title {font-size: 1.8rem;}",".accordion__content {padding-top: 1.2rem;}",".accordion__content p {font-size: 1.4rem;}"],"settings":{"caption":"","heading":"Policy Disclaimers","heading_size":"h1","heading_alignment":"left","layout":"none","color_scheme":"","container_color_scheme":"","open_first_collapsible_row":false,"image_ratio":"small","desktop_layout":"image_second","padding_top":36,"padding_bottom":36}},"main":{"type":"main-page","disabled":true,"settings":{"padding_top":28,"padding_bottom":28}},"newsletter_gGhhgW":{"type":"newsletter","blocks":{"paragraph_HyV9JK":{"type":"paragraph","settings":{"text":"<p>Sign up for exclusive discounts and stay in the know<\/p>"}},"email_form_dKN6Kk":{"type":"email_form","settings":{}}},"block_order":["paragraph_HyV9JK","email_form_dKN6Kk"],"settings":{"color_scheme":"scheme-4","full_width":true,"padding_top":40,"padding_bottom":52}}},"order":["collection_list_jjbyKy","collapsible_content_UcGnNz","collapsible_content_7GEhTn","collapsible_content_AExYRr","main","newsletter_gGhhgW"]}