{"sections":{"collapsible_content_xdpKCY":{"type":"collapsible-content","blocks":{"collapsible_row_9jddiJ":{"type":"collapsible_row","settings":{"heading":"Wig Bundle Gift Campaign:Campaign Overview","icon":"clipboard","row_content":"<p><\/p><p>Purchase any wig product from ailsas.com and receive an exclusive free gift bundle as a thank-you reward. This offer is available for a limited number of early customers.<br\/><\/p>","page":""}},"collapsible_row_R8VEWh":{"type":"collapsible_row","settings":{"heading":"Wig Bundle Gift Campaign:Eligibility","icon":"clipboard","row_content":"<p><br\/>This campaign is valid for orders that include any full-price or discounted wig.<br\/><br\/>Accessories-only orders (e.g. wig caps, combs, bags) do not qualify.<br\/><br\/>Valid only for customers based in the UK.<br\/><br\/>Each order is eligible for one gift pack only.<br\/><\/p>","page":""}},"collapsible_row_at7DQD":{"type":"collapsible_row","settings":{"heading":"Wig Bundle Gift Campaign:What’s Included in the Gift Pack","icon":"clipboard","row_content":"<p><\/p><p>Get rewarded when you shop! Our bundle gift promotion lets you choose your own free gifts based on your order value:<br\/>-Buy any wig – Choose 2 FREE gifts from our curated 6-piece selection<br\/>-Spend £99 or more – Choose 4 FREE gifts<br\/>-Spend £149 or more – Enjoy all 6 gifts FREE<br\/><br\/>✅ Gifts available for selection:<br\/><br\/>1× Reusable Ailsas Shopping Bag<br\/>1× Hair Jewelry<br\/>1× Wig Cap<br\/>1× Vent Hair Brush<br\/>1× Wig Band<br\/>1× Satin Gift Bag<\/p>","page":""}},"collapsible_row_3RDhrc":{"type":"collapsible_row","settings":{"heading":"Wig Bundle Gift Campaign:Delivery & Returns","icon":"clipboard","row_content":"<p><br\/>Gift packs are automatically added to eligible orders during warehouse processing.<br\/><br\/>Gifts are non-exchangeable and non-returnable.<br\/><br\/>If an order is returned in full, the gift pack must also be returned unused and unopened.<br\/><br\/>If the gift is not returned, Ailsas reserves the right to deduct the gift value from the total refund amount.<\/p>","page":""}},"collapsible_row_bAde4T":{"type":"collapsible_row","settings":{"heading":"Wig Bundle Gift Campaign:Participation Limit","icon":"clipboard","row_content":"<p><br\/>This campaign is available to the first <strong>50 <\/strong>qualifying customers only, on a first-come, first-served basis.<br\/><br\/>Once the quota is reached, the gift pack will no longer be included.<br\/><\/p>","page":""}},"collapsible_row_mJCtfa":{"type":"collapsible_row","settings":{"heading":"Wig Bundle Gift Campaign:Other Important Notes","icon":"clipboard","row_content":"<p><br\/>Ailsas reserves the right to make final decisions regarding gift pack qualification and substitutions.<br\/><br\/>This campaign cannot be combined with other promotions offering physical gifts.<br\/><br\/>Terms are subject to change at any time without prior notice.<br\/><br\/>📞 Contact Us<br\/>Have questions? We’re happy to help:<br\/>📧 Email: hello@ailsas.com<br\/>📞 Phone: +44 077-1563-8527<br\/><br\/><br\/>Ailsas – Not Just Beauty. Confidence, delivered with care.<\/p>","page":""}}},"block_order":["collapsible_row_9jddiJ","collapsible_row_R8VEWh","collapsible_row_at7DQD","collapsible_row_3RDhrc","collapsible_row_bAde4T","collapsible_row_mJCtfa"],"custom_css":[".color-scheme-1 .collapsible-content-wrapper-narrow {max-width: 70%;}","@media screen and (max-width: 767px) {.color-scheme-1 .collapsible-content-wrapper-narrow {max-width: 100%; }}",".accordion__title {font-size: 1.8rem;}",".accordion__content {padding-top: 1.2rem;}",".accordion__content p {font-size: 1.4rem;}"],"settings":{"caption":"","heading":"Wig Bundle Gift Campaign: Terms & Conditions","heading_size":"h1","heading_alignment":"left","layout":"none","color_scheme":"","container_color_scheme":"","open_first_collapsible_row":false,"image_ratio":"adapt","desktop_layout":"image_second","padding_top":36,"padding_bottom":36}},"main":{"type":"main-page","disabled":true,"settings":{"padding_top":28,"padding_bottom":28}},"newsletter_gGhhgW":{"type":"newsletter","blocks":{"paragraph_HyV9JK":{"type":"paragraph","settings":{"text":"<p>Sign up for exclusive discounts and stay in the know<\/p>"}},"email_form_dKN6Kk":{"type":"email_form","settings":{}}},"block_order":["paragraph_HyV9JK","email_form_dKN6Kk"],"settings":{"color_scheme":"scheme-4","full_width":true,"padding_top":40,"padding_bottom":52}}},"order":["collapsible_content_xdpKCY","main","newsletter_gGhhgW"]}