{"sections":{"image_banner_AjyEeq":{"type":"image-banner","disabled":true,"custom_css":["@media screen and (max-width: 767px) {.blog_app {display: none; }}"],"settings":{"image":"shopify:\/\/shop_images\/Wig-Try-On-Booking-in-Edinburgh.jpg","banner_link":"","image_height":"adapt","desktop_content_position":"middle-center","desktop_content_alignment":"center","color_scheme":"","stack_images_on_mobile":true,"show_text_box":true,"image_overlay_opacity":0,"mobile_content_alignment":"center","show_text_below":true,"image_behavior":"none"}},"image_banner_q4apem":{"type":"image-banner","disabled":true,"custom_css":["@media screen and (min-width: 767px) {.blog_app {display: none; }}"],"settings":{"image":"shopify:\/\/shop_images\/Wig-Try-On-Booking-in-Edinburgh-app.jpg","banner_link":"","image_height":"adapt","desktop_content_position":"middle-center","desktop_content_alignment":"center","color_scheme":"","stack_images_on_mobile":true,"show_text_box":true,"image_overlay_opacity":0,"mobile_content_alignment":"center","show_text_below":true,"image_behavior":"none"}},"175886851953374c2c":{"type":"apps","blocks":{"bookx_app_blocks_pyLtij":{"type":"shopify:\/\/apps\/bookx\/blocks\/app-blocks\/865cd10f-9515-4d8b-8e41-efece9c83f71","settings":{"bookeasy-app-id":"abMJphMoKHAnN23VvnDzvD","bookeasy-app-title":"","bookeasy-app-subtitle":"","bookeasy-app-description":"","bookeasy-app-alignment":"center"}}},"block_order":["bookx_app_blocks_pyLtij"],"disabled":true,"settings":{"include_margins":true}},"image_with_text_aYmNGN":{"type":"image-with-text","blocks":{"heading_THzKjP":{"type":"heading","settings":{"heading":"Why choose us?","heading_size":"h1"}},"text_yawc6a":{"type":"text","settings":{"text":"<p>Qualified as a Level 3 Wig Consultant by the British Hairdressing Association and ITEC<br\/><br\/>All trial head models are disinfected with medical-grade UV-C ultraviolet rays, and disinfection records can be viewed on site<br\/><br\/>The Edinburgh store is equipped with an independent trial room, providing privacy curtains and soundproofing facilities<br\/><br\/>Free wig trials to find your ideal wig<\/p>","text_style":"body"}},"button_XFqVRK":{"type":"button","settings":{"button_label":"","button_link":"","button_style_secondary":true}}},"block_order":["heading_THzKjP","text_yawc6a","button_XFqVRK"],"disabled":true,"custom_css":[".image-with-text__content {padding: 2rem;}"],"settings":{"image":"shopify:\/\/shop_images\/Why-choose-us.jpg","height":"adapt","desktop_image_width":"medium","layout":"image_first","desktop_content_position":"top","desktop_content_alignment":"left","content_layout":"no-overlap","section_color_scheme":"","color_scheme":"","image_behavior":"none","mobile_content_alignment":"left","padding_top":36,"padding_bottom":0}},"multicolumn_Cfq8DN":{"type":"multicolumn","blocks":{"column_38T7GM":{"type":"column","settings":{"image":"shopify:\/\/shop_images\/In-store-consultation.png","title":"<strong>In-store consultation<\/strong>","text":"<p>Free question answering and popularization of professional nursing knowledge<\/p>","link_label":"","link":""}},"column_6VwPPq":{"type":"column","settings":{"image":"shopify:\/\/shop_images\/Professional-Matching.png","title":"<strong>Professional Matching<\/strong>","text":"<p>Recommend 3 bases based on occupational needs\/hair conditions<\/p>","link_label":"","link":""}},"column_7BV386":{"type":"column","settings":{"image":"shopify:\/\/shop_images\/Immersive-Try-On.png","title":"<strong>Immersive Try-On<\/strong>","text":"<p>Confirm the effect from multiple angles under natural light\/indoor lighting<\/p>","link_label":"","link":""}}},"block_order":["column_38T7GM","column_6VwPPq","column_7BV386"],"disabled":true,"settings":{"title":"Find your ideal wig in 30 minutes","heading_size":"h1","image_width":"full","image_ratio":"adapt","columns_desktop":3,"column_alignment":"left","background_style":"none","button_label":"","button_link":"","color_scheme":"","columns_mobile":"1","swipe_on_mobile":false,"padding_top":36,"padding_bottom":20}},"multicolumn_qXiaAj":{"type":"multicolumn","blocks":{"column_9nm3pW":{"type":"column","settings":{"image":"shopify:\/\/shop_images\/Medical-user-testimonial.png","title":"<strong>Medical user testimonial<\/strong>","text":"<p>\"The secret to going out confidently for the first time after chemotherapy\"-- Sarah L., breast cancer survivor<\/p>","link_label":"","link":""}},"column_ajxQ9H":{"type":"column","settings":{"image":"shopify:\/\/shop_images\/Workplace-User-Case.png","title":"<strong>Workplace User <\/strong>","text":"<p>\"Invisible armor that is a must-have for the financial city every day - James W., investment bank analyst (London)<\/p>","link_label":"","link":""}},"column_JtRzhe":{"type":"column","settings":{"image":"shopify:\/\/shop_images\/Workplace-User-Case-1.png","title":"<strong>Workplace User <\/strong>","text":"<p>\"Afro-haired Londoner, community nurse - Amina B., community worker (Birmingham)<\/p>","link_label":"","link":""}}},"block_order":["column_9nm3pW","column_ajxQ9H","column_JtRzhe"],"disabled":true,"custom_css":[".multicolumn .title {margin: 0 auto;}","@media screen and (min-width: 768px) {.background-none .multicolumn-card__image-wrapper {margin-left: 10rem; margin-right: 10rem; }}","@media screen and (max-width: 767px) {.background-none .multicolumn-card__image-wrapper {margin-left: 10rem; margin-right: 10rem; }}",".multicolumn-list__item.center .media--adapt img {left: 0;}"],"settings":{"title":"Choices from real users","heading_size":"h1","image_width":"full","image_ratio":"adapt","columns_desktop":3,"column_alignment":"center","background_style":"none","button_label":"","button_link":"","color_scheme":"scheme-2","columns_mobile":"1","swipe_on_mobile":false,"padding_top":36,"padding_bottom":36}},"multicolumn_BM36nX":{"type":"multicolumn","blocks":{"column_hxUeit":{"type":"column","settings":{"title":"<strong>Contact Details<\/strong>","text":"<p>Email: [hello@ailsas.com]<br\/>Phone: [ 07715 638527]<\/p>","link_label":"","link":""}},"column_dr96BG":{"type":"column","settings":{"title":"<strong>Address<\/strong>","text":"<p>Cameron Toll Shopping Centre, 6 Lady Rd, Edinburgh EH16 5PB<\/p>","link_label":"","link":""}},"column_Vpykyt":{"type":"column","settings":{"title":"<strong>Store Hours:<\/strong>","text":"<p>Monday to Saturday, 10:00 AM - 5:00 PM<\/p>","link_label":"","link":""}}},"block_order":["column_hxUeit","column_dr96BG","column_Vpykyt"],"disabled":true,"settings":{"title":"Contact Us","heading_size":"h1","image_width":"full","image_ratio":"adapt","columns_desktop":3,"column_alignment":"left","background_style":"primary","button_label":"","button_link":"","color_scheme":"","columns_mobile":"1","swipe_on_mobile":false,"padding_top":36,"padding_bottom":36}},"main":{"type":"main-page","disabled":true,"settings":{"padding_top":28,"padding_bottom":28}},"contact_form_nmf49d":{"type":"contact-form","disabled":true,"custom_css":[],"settings":{"form_title":"Talk To A We","form_description":"We would love to answer any questions that you may have, so please do get in touch using the form below and one of our  will be in touch with you as soon as possible.","heading_size":"h1","sidebar_title":"Talk To US Directly","sidebar_subtitle":"If you prefer, give us a call on 07715 638527","sidebar_description":"or email us at 【hello@ailsas.com】","live_help_title":"Our hours","live_help_text":"Business Hours:Monday to Friday:10:00 AM – 5:00 PM; Saturday:11:00 AM – 4:30 PM; Sunday:Closed (excl. UK public holidays)","live_help_button_text":"MESSAGE US","live_help_button_link":"","contact_phone":"Phone: 07715 638527","contact_email":"Email: hello@ailsas.com","contact_address":"Address: Unit 8, Cameron Toll Shopping Centre, 6 Lady Rd, Edinburgh, United Kingdom, EH16 5PB","opening_hours":"","sidebar_bg_color":"#f9f9f9","button_bg_color":"#000000","button_text_color":"#ffffff","sidebar_width":300,"layout":"form_left","padding_top":36,"padding_bottom":36,"color_scheme":""}},"image_banner_UpM6Gp":{"type":"image-banner","custom_css":["@media screen and (max-width: 767px) {.blog_app {display: none; }}"],"settings":{"image":"shopify:\/\/shop_images\/Wig-Try-On-Booking-in-Edinburgh.jpg","banner_link":"","image_height":"adapt","desktop_content_position":"middle-center","desktop_content_alignment":"center","color_scheme":"","stack_images_on_mobile":true,"show_text_box":true,"image_overlay_opacity":0,"mobile_content_alignment":"center","show_text_below":true,"image_behavior":"none"}},"image_banner_nEALxK":{"type":"image-banner","custom_css":["@media screen and (min-width: 767px) {.blog_app {display: none; }}"],"settings":{"image":"shopify:\/\/shop_images\/Wig-Try-On-Booking-in-Edinburgh-app.jpg","banner_link":"","image_height":"adapt","desktop_content_position":"middle-center","desktop_content_alignment":"center","color_scheme":"","stack_images_on_mobile":true,"show_text_box":true,"image_overlay_opacity":0,"mobile_content_alignment":"center","show_text_below":true,"image_behavior":"none"}},"collapsible_content_wVLyBp":{"type":"collapsible-content","custom_css":[],"name":"t:sections.collapsible_content.presets.name","settings":{"caption":"","heading":"Actual Shop Photo","heading_size":"h1","heading_alignment":"center","layout":"none","color_scheme":"","container_color_scheme":"","open_first_collapsible_row":false,"image_ratio":"adapt","desktop_layout":"image_second","padding_top":36,"padding_bottom":0}},"custom_liquid_GipGeV":{"type":"custom-liquid","custom_css":["@media screen and (max-width: 768px) {.gradient {display: none; }}",".card {position: relative; overflow: hidden; border-radius: 10px; cursor: pointer; transition: transform 0.3s;}",".card:hover {transform: scale(1.03);}",".card img {width: 100%; height: 100%; object-fit: cover; display: block;}",".card .info {position: absolute; bottom: 10px; left: 10px; color: white; text-shadow: 1px 1px 3px rgba(0, 0, 0, 0.7);}",".card .info .title1 {font-size: 18px; font-weight: bold;}",".card.big {grid-column: span 2; grid-row: span 2;}"],"name":"t:sections.custom-liquid.presets.name","settings":{"custom_liquid":"<div class=\"page-width Actual screen\" style=\"display: grid; grid-template-columns: repeat(auto-fill, minmax(250px, 1fr)); grid-auto-rows: 200px; gap: 15px;\">\n\t\t\t<div class=\"card big\">\n\t\t\t\t<img \nsrc=\"https:\/\/cdn.shopify.com\/s\/files\/1\/0661\/1933\/6190\/files\/Actual-Shop-Photo.jpg?v=1760520732\" alt=\"Storefront\">\n\t\t\t\t<div class=\"info\">\n\t\t\t\t\t<div class=\"title1\">Storefront<\/div>\n\t\t\t\t<\/div>\n\t\t\t<\/div>\n\n\t\t\t<div class=\"card\">\n\t\t\t\t<img src=\"https:\/\/cdn.shopify.com\/s\/files\/1\/0661\/1933\/6190\/files\/Actual-Shop-Photo-1.jpg?v=1760520733\" alt=\"Rieker wigs\">\n\t\t\t\t<div class=\"info\">\n\t\t\t\t\t<div class=\"title1\">Rieker wigs<\/div>\n\t\t\t\t<\/div>\n\t\t\t<\/div>\n\n\t\t\t<div class=\"card\">\n\t\t\t\t<img src=\"https:\/\/cdn.shopify.com\/s\/files\/1\/0661\/1933\/6190\/files\/Actual-Shop-Photo-2-1.jpg?v=1761036225\" alt=\"Ecco Hair\">\n\t\t\t\t<div class=\"info\">\n\t\t\t\t\t<div class=\"title1\">Ecco Hair<\/div>\n\t\t\t\t<\/div>\n\t\t\t<\/div>\n\n\t\t\t<div class=\"card\">\n\t\t\t\t<img src=\"https:\/\/cdn.shopify.com\/s\/files\/1\/0661\/1933\/6190\/files\/Actual-Shop-Photo-3.jpg?v=1760581308\" alt=\"Ailsas wigs\">\n\t\t\t\t<div class=\"info\">\n\t\t\t\t\t<div class=\"title1\">Ailsas wigs<\/div>\n\t\t\t\t<\/div>\n\t\t\t<\/div>\n\n\t\t\t<div class=\"card\">\n\t\t\t\t<img src=\"https:\/\/cdn.shopify.com\/s\/files\/1\/0661\/1933\/6190\/files\/Actual-Shop-Photo-4.jpg?v=1760582216\" alt=\"Product Display\">\n\t\t\t\t<div class=\"info\">\n\t\t\t\t\t<div class=\"title1\">Product Display<\/div>\n\t\t\t\t<\/div>\n\t\t\t<\/div>\t\n\t\t\t<div class=\"card\">\n\t\t\t\t<img src=\"https:\/\/cdn.shopify.com\/s\/files\/1\/0661\/1933\/6190\/files\/Actual-Shop-Photo-5.jpg?v=1760582216\" alt=\"Product Display\">\n\t\t\t\t<div class=\"info\">\n\t\t\t\t\t<div class=\"title1\">Product Display<\/div>\n\t\t\t\t<\/div>\n\t\t\t<\/div>\t\n\t\t\t<div class=\"card\">\n\t\t\t\t<img src=\"https:\/\/cdn.shopify.com\/s\/files\/1\/0661\/1933\/6190\/files\/Actual-Shop-Photo-6.jpg?v=1760582790\" alt=\"Dressing Table\">\n\t\t\t\t<div class=\"info\">\n\t\t\t\t\t<div class=\"title1\">Dressing Table<\/div>\n\t\t\t\t<\/div>\n\t\t\t<\/div>\n\t\t<\/div>","color_scheme":"","padding_top":0,"padding_bottom":0}},"custom_liquid_nj7Fjz":{"type":"custom-liquid","custom_css":["@media screen and (min-width: 768px) {.gradient {display: none; }}",".card {overflow: hidden; border-radius: 10px; width: 48%; float: left; margin-top: 15px; position: initial;}",".card img {width: 100%; height: 100%; object-fit: cover; display: block;}",".card .info {position: absolute; bottom: 10px; left: 10px; color: white; text-shadow: 1px 1px 3px rgba(0, 0, 0, 0.7);}",".card .info .title1 {font-size: 18px; font-weight: bold;}",".card.big {width: 98%; grid-column: span 2; grid-row: span 2; position: initial;}"],"name":"t:sections.custom-liquid.presets.name","settings":{"custom_liquid":"<div class=\"page-width Actual screen\" style=\"overflow: auto;\">\n\t<div class=\"card big\"> <img src=\"https:\/\/cdn.shopify.com\/s\/files\/1\/0661\/1933\/6190\/files\/Actual-Shop-Photo.jpg?v=1760520732\" alt=\"Storefront\">\n\n\t<\/div>\n\n\t<div class=\"card\" style=\"margin-right: 2%;\">\n\t\t<img src=\"https:\/\/cdn.shopify.com\/s\/files\/1\/0661\/1933\/6190\/files\/Actual-Shop-Photo-1.jpg?v=1760520733\" alt=\"Rieker wigs\">\n\t\t\n\t<\/div>\n\n\t<div class=\"card\">\n\t\t<img src=\"https:\/\/cdn.shopify.com\/s\/files\/1\/0661\/1933\/6190\/files\/Actual-Shop-Photo-2-1.jpg?v=1761036225\" alt=\"Ecco Hair\">\n\t\t\n\t<\/div>\n\n\t<div class=\"card\" style=\"margin-right: 2%;\">\n\t\t<img src=\"https:\/\/cdn.shopify.com\/s\/files\/1\/0661\/1933\/6190\/files\/Actual-Shop-Photo-3.jpg?v=1760581308\" alt=\"Ailsas wigs\">\n\t\t\n\t<\/div>\n\n\t<div class=\"card\">\n\t\t<img src=\"https:\/\/cdn.shopify.com\/s\/files\/1\/0661\/1933\/6190\/files\/Actual-Shop-Photo-4.jpg?v=1760582216\" alt=\"Product Display\">\n\t\t\n\t<\/div>\n\t<div class=\"card\" style=\"margin-right: 2%;\">\n\t\t<img src=\"https:\/\/cdn.shopify.com\/s\/files\/1\/0661\/1933\/6190\/files\/Actual-Shop-Photo-5.jpg?v=1760582216\" alt=\"Product Display\">\n\t\n\t<\/div>\n\t<div class=\"card\">\n\t\t<img src=\"https:\/\/cdn.shopify.com\/s\/files\/1\/0661\/1933\/6190\/files\/Actual-Shop-Photo-6.jpg?v=1760582790\" alt=\"Dressing Table\">\n\n\t<\/div>\n<\/div>","color_scheme":"","padding_top":0,"padding_bottom":32}},"1760668377931d9d5a":{"type":"apps","blocks":{"bookx_app_blocks_m78Bpn":{"type":"shopify:\/\/apps\/bookx\/blocks\/app-blocks\/865cd10f-9515-4d8b-8e41-efece9c83f71","settings":{"bookeasy-app-id":"abMJphMoKHAnN23VvnDzvD","bookeasy-app-title":"","bookeasy-app-subtitle":"","bookeasy-app-description":"*Book online in advance, Sessions last 1h. Weekday slots from 12:00pm","bookeasy-app-alignment":"center"}}},"block_order":["bookx_app_blocks_m78Bpn"],"custom_css":[".bookeasy-button-container button {background: #000 !important; color: #fff !important; font-weight: bold !important; font-size: 24px !important;}",".bookeasy-appBlock {margin-bottom: 30px;}",".bookeasy-appBlock-details .description {font-size: 1rem; color: #000;}","@media only screen and (max-width: 700px) {.bookeasy-appBlock-details .description {max-height: none; margin-bottom: 0px !important; }}"],"settings":{"include_margins":true}},"shoppable_gallery_96PKW8":{"type":"shoppable-gallery","blocks":{"gallery_item_dHUmFE":{"type":"gallery_item","settings":{"image":"shopify:\/\/shop_images\/Wearing-Display-34.jpg","product":"natural-black-28-inch-wig","approved":true,"customer_name":"","submitted_date":""}},"gallery_item_JhBThH":{"type":"gallery_item","settings":{"image":"shopify:\/\/shop_images\/Wearing-Display-2.jpg","product":"t-part-lace-front-curly-hair-wig","approved":true,"customer_name":"","submitted_date":""}},"gallery_item_ACBc6g":{"type":"gallery_item","settings":{"image":"shopify:\/\/shop_images\/Wearing-Display-3.jpg","product":"long-blonde-premium-synthetic-wig-with-bangs","approved":true,"customer_name":"","submitted_date":""}},"gallery_item_iGKfj7":{"type":"gallery_item","settings":{"image":"shopify:\/\/shop_images\/Wearing-Display.jpg","product":"brown-layered-straight-wig-with-bangs-wig","approved":true,"customer_name":"","submitted_date":""}},"gallery_item_JABAnM":{"type":"gallery_item","settings":{"image":"shopify:\/\/shop_images\/Wearing-Display-21.jpg","product":"peach-curly-bob-wig","approved":true,"customer_name":"","submitted_date":""}},"gallery_item_eijya7":{"type":"gallery_item","settings":{"image":"shopify:\/\/shop_images\/Wearing-Display-33.jpg","product":"blonde-32-inch-straight-lace-front-wig","approved":true,"customer_name":"","submitted_date":""}},"gallery_item_yDBnUF":{"type":"gallery_item","settings":{"image":"shopify:\/\/shop_images\/Wearing-Display-22.jpg","product":"highlighted-honey-blonde-straight-wig","approved":true,"customer_name":"","submitted_date":""}},"gallery_item_btbj7Y":{"type":"gallery_item","settings":{"image":"shopify:\/\/shop_images\/Wearing-Display-30.jpg","product":"extra-long-straight-ginger-wig","approved":true,"customer_name":"","submitted_date":""}},"gallery_item_kjx3DK":{"type":"gallery_item","settings":{"image":"shopify:\/\/shop_images\/Wearing-Display-23.jpg","product":"tt4-27-highlighted-afro-wig","approved":true,"customer_name":"","submitted_date":""}},"gallery_item_XKtKxC":{"type":"gallery_item","settings":{"image":"shopify:\/\/shop_images\/Wearing-Display-24.jpg","product":"mid-length-curly-hair-brown-wig","approved":true,"customer_name":"","submitted_date":""}},"gallery_item_wRkEVU":{"type":"gallery_item","settings":{"image":"shopify:\/\/shop_images\/Wearing-Display-25.jpg","product":"28-inch-long-blue-body-wave-wig","approved":true,"customer_name":"","submitted_date":""}},"gallery_item_zqkNCU":{"type":"gallery_item","settings":{"image":"shopify:\/\/shop_images\/Wearing-Display-26.jpg","product":"brown-black-28-inch-body-wave-lace-front-wig","approved":true,"customer_name":"","submitted_date":""}},"gallery_item_9ihyVc":{"type":"gallery_item","settings":{"image":"shopify:\/\/shop_images\/Wearing-Display-36.jpg","product":"elaine-in-mocha-pearl-lace-front-synthetic-straight-wig-by-rieker-wigs","approved":true,"customer_name":"","submitted_date":""}},"gallery_item_8dE3PD":{"type":"gallery_item","settings":{"image":"shopify:\/\/shop_images\/Wearing-Display-31.jpg","product":"balayage-body-wave-wig","approved":true,"customer_name":"","submitted_date":""}},"gallery_item_zATYGR":{"type":"gallery_item","settings":{"image":"shopify:\/\/shop_images\/Wearing-Display-27.jpg","product":"human-hair-headband-deep-wave-wig","approved":true,"customer_name":"","submitted_date":""}},"gallery_item_wwmU6m":{"type":"gallery_item","settings":{"image":"shopify:\/\/shop_images\/Wearing-Display-32.jpg","product":"grey-32-inch-extra-long-straight-wig","approved":true,"customer_name":"","submitted_date":""}},"gallery_item_EQPYR4":{"type":"gallery_item","settings":{"image":"shopify:\/\/shop_images\/Wearing-Display-28.jpg","product":"ombre-pink-curly-synthetic-wig-with-bangs","approved":true,"customer_name":"","submitted_date":""}},"gallery_item_36cLg7":{"type":"gallery_item","settings":{"image":"shopify:\/\/shop_images\/Wearing-Display-29.jpg","product":"29inch-kinky-curly-synthetic-grey-wig","approved":true,"customer_name":"","submitted_date":""}},"gallery_item_FVJNLt":{"type":"gallery_item","settings":{"image":"shopify:\/\/shop_images\/Wearing-Display-35.jpg","product":"sophie-in-crimson-plum-mono-part-short-straight-wig-by-rieker-wigs","approved":true,"customer_name":"","submitted_date":""}},"gallery_item_kXrjBW":{"type":"gallery_item","settings":{"image":"shopify:\/\/shop_images\/Wearing-Display-37.jpg","product":"brown-curly-bob-wig","approved":true,"customer_name":"","submitted_date":""}},"gallery_item_mKTBFT":{"type":"gallery_item","settings":{"product":"","approved":true,"customer_name":"","submitted_date":""}},"gallery_item_qWhH4R":{"type":"gallery_item","settings":{"product":"","approved":true,"customer_name":"","submitted_date":""}},"gallery_item_YHgzaM":{"type":"gallery_item","settings":{"product":"","approved":true,"customer_name":"","submitted_date":""}},"gallery_item_rKLjre":{"type":"gallery_item","settings":{"product":"","approved":true,"customer_name":"","submitted_date":""}},"gallery_item_tJ4qbz":{"type":"gallery_item","settings":{"product":"","approved":true,"customer_name":"","submitted_date":""}},"gallery_item_kripgz":{"type":"gallery_item","settings":{"product":"","approved":true,"customer_name":"","submitted_date":""}},"gallery_item_LcVMUC":{"type":"gallery_item","settings":{"product":"","approved":true,"customer_name":"","submitted_date":""}},"gallery_item_BNJMbz":{"type":"gallery_item","settings":{"product":"","approved":true,"customer_name":"","submitted_date":""}},"gallery_item_fxmDCH":{"type":"gallery_item","settings":{"product":"","approved":true,"customer_name":"","submitted_date":""}},"gallery_item_w84J6E":{"type":"gallery_item","settings":{"product":"","approved":true,"customer_name":"","submitted_date":""}},"gallery_item_wMjwhp":{"type":"gallery_item","settings":{"product":"","approved":true,"customer_name":"","submitted_date":""}},"gallery_item_i4y4Ke":{"type":"gallery_item","settings":{"product":"","approved":true,"customer_name":"","submitted_date":""}},"gallery_item_iajeW3":{"type":"gallery_item","settings":{"product":"","approved":true,"customer_name":"","submitted_date":""}},"gallery_item_WkGixL":{"type":"gallery_item","settings":{"product":"","approved":true,"customer_name":"","submitted_date":""}},"gallery_item_dkJCX7":{"type":"gallery_item","settings":{"product":"","approved":true,"customer_name":"","submitted_date":""}},"gallery_item_tBJXBt":{"type":"gallery_item","settings":{"product":"","approved":true,"customer_name":"","submitted_date":""}},"gallery_item_Qqcdt8":{"type":"gallery_item","settings":{"product":"","approved":true,"customer_name":"","submitted_date":""}},"gallery_item_bAKw4y":{"type":"gallery_item","settings":{"product":"","approved":true,"customer_name":"","submitted_date":""}},"gallery_item_R6UjaJ":{"type":"gallery_item","settings":{"product":"","approved":true,"customer_name":"","submitted_date":""}},"gallery_item_y7fFap":{"type":"gallery_item","settings":{"product":"","approved":true,"customer_name":"","submitted_date":""}},"gallery_item_wYitPJ":{"type":"gallery_item","settings":{"product":"","approved":true,"customer_name":"","submitted_date":""}},"gallery_item_FULJUF":{"type":"gallery_item","settings":{"product":"","approved":true,"customer_name":"","submitted_date":""}},"gallery_item_76m3PX":{"type":"gallery_item","settings":{"product":"","approved":true,"customer_name":"","submitted_date":""}},"gallery_item_fLzAiF":{"type":"gallery_item","settings":{"product":"","approved":true,"customer_name":"","submitted_date":""}},"gallery_item_hCLTyz":{"type":"gallery_item","settings":{"product":"","approved":true,"customer_name":"","submitted_date":""}},"gallery_item_kW86Pr":{"type":"gallery_item","settings":{"product":"","approved":true,"customer_name":"","submitted_date":""}},"gallery_item_xUdQhB":{"type":"gallery_item","settings":{"product":"","approved":true,"customer_name":"","submitted_date":""}},"gallery_item_KryDPc":{"type":"gallery_item","settings":{"product":"","approved":true,"customer_name":"","submitted_date":""}},"gallery_item_FaB9kA":{"type":"gallery_item","settings":{"product":"","approved":true,"customer_name":"","submitted_date":""}},"acerill_form_builder_custom_form_w9kwME":{"type":"shopify:\/\/apps\/acerill-form-builder\/blocks\/custom-form\/830f910d-3579-44cb-9d18-92197bb5bd98","settings":{"formId":"7fc96da5-89dc-4caa-9c13-7bb7f7d591e7","behavior":"standard"}}},"block_order":["gallery_item_dHUmFE","gallery_item_JhBThH","gallery_item_ACBc6g","gallery_item_iGKfj7","gallery_item_JABAnM","gallery_item_eijya7","gallery_item_yDBnUF","gallery_item_btbj7Y","gallery_item_kjx3DK","gallery_item_XKtKxC","gallery_item_wRkEVU","gallery_item_zqkNCU","gallery_item_9ihyVc","gallery_item_8dE3PD","gallery_item_zATYGR","gallery_item_wwmU6m","gallery_item_EQPYR4","gallery_item_36cLg7","gallery_item_FVJNLt","gallery_item_kXrjBW","gallery_item_mKTBFT","gallery_item_qWhH4R","gallery_item_YHgzaM","gallery_item_rKLjre","gallery_item_tJ4qbz","gallery_item_kripgz","gallery_item_LcVMUC","gallery_item_BNJMbz","gallery_item_fxmDCH","gallery_item_w84J6E","gallery_item_wMjwhp","gallery_item_i4y4Ke","gallery_item_iajeW3","gallery_item_WkGixL","gallery_item_dkJCX7","gallery_item_tBJXBt","gallery_item_Qqcdt8","gallery_item_bAKw4y","gallery_item_R6UjaJ","gallery_item_y7fFap","gallery_item_wYitPJ","gallery_item_FULJUF","gallery_item_76m3PX","gallery_item_fLzAiF","gallery_item_hCLTyz","gallery_item_kW86Pr","gallery_item_xUdQhB","gallery_item_KryDPc","gallery_item_FaB9kA","acerill_form_builder_custom_form_w9kwME"],"custom_css":[],"name":"Shoppable Gallery","settings":{"heading":"Ailsa’s Beauties — Our Lovely Customers","subheading":"Share your stunning Ailsa’s style and enjoy 15% off your next order!!","show_pending":false,"show_upload_button":true,"upload_button_text":"Share Your Style"}},"collapsible_content_nR3Lfa":{"type":"collapsible-content","disabled":true,"name":"t:sections.collapsible_content.presets.name","settings":{"caption":"","heading":"Wearing Display","heading_size":"h1","heading_alignment":"center","layout":"none","color_scheme":"scheme-1b500e72-ec53-4cdd-87bb-f91c054c7f85","container_color_scheme":"scheme-c4493a51-ba25-4371-b18d-42588b14f604","open_first_collapsible_row":false,"image_ratio":"adapt","desktop_layout":"image_second","padding_top":32,"padding_bottom":0}},"multicolumn_WqigPD":{"type":"multicolumn","blocks":{"column_rKArMq":{"type":"column","settings":{"image":"shopify:\/\/shop_images\/In-store-consultation-33.jpg","title":"<strong>In-store consultation<\/strong>","text":"<p>Free question answering and popularization of professional nursing knowledge<\/p>","link_label":"","link":""}},"column_YBGcMi":{"type":"column","settings":{"image":"shopify:\/\/shop_images\/In-store-consultation-31.jpg","title":"<strong>Professional Matching<\/strong>","text":"<p>Recommend 3 bases based on occupational needs\/hair conditions<\/p>","link_label":"","link":""}},"column_xqRTcQ":{"type":"column","settings":{"image":"shopify:\/\/shop_images\/In-store-consultation-30.jpg","title":"<strong>Immersive Try-On<\/strong>","text":"<p>Confirm the effect from multiple angles under natural light\/indoor lighting<\/p>","link_label":"","link":""}}},"block_order":["column_rKArMq","column_YBGcMi","column_xqRTcQ"],"custom_css":[".media {border-radius: 50%;}",".multicolumn-card__info {text-align: center;}",".background-none .multicolumn-card__image-wrapper {padding: 26px;}"],"settings":{"title":"Find your ideal wig in 30 minutes","heading_size":"h1","image_width":"full","image_ratio":"adapt","columns_desktop":3,"column_alignment":"left","background_style":"none","button_label":"","button_link":"","color_scheme":"","columns_mobile":"1","swipe_on_mobile":true,"padding_top":36,"padding_bottom":20}},"custom_liquid_pAa6zb":{"type":"custom-liquid","custom_css":["h2,p {padding: 0; box-sizing: border-box;}"],"name":"t:sections.custom-liquid.presets.name","settings":{"custom_liquid":"<div class=\"page-width contact-us-container screen\">\n  <div class=\"contact-info1\">\n    <h2>Store Address<\/h2>\n\n    <p>Phone: <a href=\"tel:+44 077 1563 8527\">+44 077 1563 8527<\/a><\/p>\n    <p>Email: <a href=\"mailto:hello@ailsas.com\">hello@ailsas.com<\/a><\/p>\n    <p>Store Address: Unit 8, Cameron Toll Shopping Centre 6 Lady Road, Edinburgh, EH16 5PB United Kingdom<\/p>\n    \n\n  <\/div>\n\n  <div class=\"map-container\">\n    <iframe \n      src=\"https:\/\/www.google.com\/maps\/embed?pb=!1m18!1m12!1m3!1d2235.298387511024!2d-3.1663875228855884!3d55.926864978570656!2m3!1f0!2f0!3f0!3m2!1i1024!2i768!4f13.1!3m3!1m2!1s0x4887b89b1da54aaf%3A0xc9a94b54b280b9cb!2s8%2C%20Cameron%20Toll%20Shopping%20Centre%2C%206%20Lady%20Rd%2C%20Edinburgh%20EH16%205PB!5e0!3m2!1szh-CN!2suk!4v1760688401636!5m2!1szh-CN!2suk\" \n      allowfullscreen=\"\" \n      loading=\"lazy\" \n      referrerpolicy=\"no-referrer-when-downgrade\">\n    <\/iframe>\n  <\/div>\n<\/div>\n\n<style>\n  \/* 容器 *\/\n  .contact-us-container {\n    display: flex;\n    flex-wrap: nowrap; \/* 大屏幕不换行 *\/\n    margin: 0 auto;\n    box-sizing: border-box;\n  }\n\n  \/* 左栏信息 *\/\n  .contact-info1 {\n    flex: 0 0 50%; \n    padding: 20px;\n    background-color: #fff1ef;\n    box-sizing: border-box;\n  }\n\n  .contact-info1 h2 {\n    font-size: 28px;\n    margin-bottom: 20px;\n  }\n\n  .contact-info1 p {\n    font-size: 16px;\n    margin-bottom: 15px;\n  }\n\n  .contact-info1 strong {\n    display: block;\n    margin-top: 20px;\n    margin-bottom: 5px;\n    font-weight: bold;\n  }\n\n  .contact-info1 a {\n    color: #b85c26;\n    text-decoration: none;\n  }\n\n  \/* 右栏地图 *\/\n  .map-container {\n    flex: 1; \/* 占满剩余空间 *\/\n    height: 350px;\n  }\n\n  .map-container iframe {\n    width: 100%;\n    height: 100%;\n    border: 0;\n  }\n\n  \/* 响应式 *\/\n  @media screen and (max-width: 768px) {\n    .contact-us-container {\n      flex-direction: column;\n    }\n    .contact-info1 {\n      flex: none;\n      width: 100%;\n    }\n    .map-container {\n      width: 100%;\n      height: 500px;\n    }\n  }\n<\/style>","color_scheme":"","padding_top":32,"padding_bottom":32}},"newsletter_gGhhgW":{"type":"newsletter","blocks":{"paragraph_HyV9JK":{"type":"paragraph","settings":{"text":"<p>Sign up for exclusive discounts and stay in the know<\/p>"}},"email_form_dKN6Kk":{"type":"email_form","settings":{}}},"block_order":["paragraph_HyV9JK","email_form_dKN6Kk"],"settings":{"color_scheme":"scheme-4","full_width":true,"padding_top":40,"padding_bottom":52}}},"order":["image_banner_AjyEeq","image_banner_q4apem","175886851953374c2c","image_with_text_aYmNGN","multicolumn_Cfq8DN","multicolumn_qXiaAj","multicolumn_BM36nX","main","contact_form_nmf49d","image_banner_UpM6Gp","image_banner_nEALxK","collapsible_content_wVLyBp","custom_liquid_GipGeV","custom_liquid_nj7Fjz","1760668377931d9d5a","shoppable_gallery_96PKW8","collapsible_content_nR3Lfa","multicolumn_WqigPD","custom_liquid_pAa6zb","newsletter_gGhhgW"]}