{"sections":{"slideshow_Er9bMz":{"type":"slideshow","blocks":{"slide_DexMJe":{"type":"slide","settings":{"image":"shopify:\/\/shop_images\/app-Essential-Wig-Care-Tips.jpg","heading":"","heading_size":"h1","subheading":"","button_label":"","link":"","button_style_secondary":false,"box_align":"top-center","show_text_box":false,"text_alignment":"center","image_overlay_opacity":0,"color_scheme":"","text_alignment_mobile":"center"}}},"block_order":["slide_DexMJe"],"custom_css":["@media screen and (min-width: 768px) {.banner {display: none; }}"],"name":"t:sections.slideshow.presets.name","settings":{"layout":"full_bleed","slide_height":"adapt_image","slider_visual":"counter","auto_rotate":false,"change_slides_speed":5,"image_behavior":"none","show_text_below":false,"accessibility_info":"Slideshow about our brand"}},"slideshow_cF8BhX":{"type":"slideshow","blocks":{"slide_D3haXm":{"type":"slide","settings":{"image":"shopify:\/\/shop_images\/pc-Essential-Wig-Care-Tips.jpg","heading":"","heading_size":"h1","subheading":"","button_label":"","link":"","button_style_secondary":false,"box_align":"middle-right","show_text_box":true,"text_alignment":"left","image_overlay_opacity":0,"color_scheme":"","text_alignment_mobile":"center"}}},"block_order":["slide_D3haXm"],"custom_css":["@media screen and (max-width: 767px) {.banner {display: none; }}",".slideshow__text.banner__box {background: none; color: #fff;}",".banner__heading {color: #fff; text-align: left;}"],"name":"t:sections.slideshow.presets.name","settings":{"layout":"full_bleed","slide_height":"adapt_image","slider_visual":"dots","auto_rotate":false,"change_slides_speed":3,"image_behavior":"none","show_text_below":false,"accessibility_info":""}},"rich_text_NwPnaJ":{"type":"rich-text","blocks":{"heading_CP7hCN":{"type":"heading","settings":{"heading":"How to Wear a Wig","heading_size":"h1"}}},"block_order":["heading_CP7hCN"],"custom_css":["@media screen and (max-width: 767px) {.isolate {display: none; }}"],"name":"t:sections.rich-text.presets.name","settings":{"desktop_content_position":"left","content_alignment":"left","color_scheme":"","full_width":false,"padding_top":20,"padding_bottom":32}},"rich_text_wxh33B":{"type":"rich-text","blocks":{"heading_Gt74Xi":{"type":"heading","settings":{"heading":"A Step-by-Step Guide for Basic Cap Wigs","heading_size":"h1"}}},"block_order":["heading_Gt74Xi"],"name":"t:sections.rich-text.presets.name","settings":{"desktop_content_position":"center","content_alignment":"center","color_scheme":"","full_width":true,"padding_top":32,"padding_bottom":20}},"custom_liquid_JhNVWq":{"type":"custom-liquid","custom_css":["@media screen and (max-width: 767px) {.Guide {display: none; }}","h2,p,ul,ol {margin: 0; padding: 0; box-sizing: border-box; list-style-type: none;}",".Guide ul {overflow: hidden;}",".Guide li {width: 48%; float: left; border: 1px solid #aaa; border-radius: 8px; overflow: hidden;}",".Guide .Prepare-li {margin-top: 1rem;}",".Guide .Prepare-li h2 {font-size: 2rem; font-weight: bold;}",".Guide .Prepare-li i {font-style: normal; font-size: 1.3rem; line-height: 1rem; color: #999;}",".Guide .Prepare-li p {font-size: 1.4rem; margin-top: 0.8rem; color: #000;}"],"name":"t:sections.custom-liquid.presets.name","settings":{"custom_liquid":"<div  class=\"isolate page-width Guide\">\n<ul>\n<li style=\"margin-left: 2%;margin-bottom: 2rem;\">\n<img src=\"https:\/\/cdn.shopify.com\/s\/files\/1\/0661\/1933\/6190\/files\/Guide-1.png?v=1754549839\" style=\" width: 38%;float: left;margin-right: 1rem;\">\n<div  class=\"Prepare-li\">\n<h2>Step 1:<br>\nPrepare Your Natural Hair<\/h2>\n<i>Before putting on your wig, ensure your natural hair is secured flat and awayfrom your face.<\/i>\n<p>·For long or medium-length hair: Braid your hair or twist it \ninto pin curls and secure it with hairpins.<\/p>\n<p>·For short hair or little\/no hair: Use a wig cap to protect your \nscalp and keep the wig in place.<\/p>\n<p>·A wig cap is highly recommended for better comfort and hygiene.<\/p>\n<\/div>\n<\/li>\n<li style=\"margin-left: 2%;margin-bottom: 2rem;\">\n<img src=\"https:\/\/cdn.shopify.com\/s\/files\/1\/0661\/1933\/6190\/files\/Guide-2.png?v=1754552190\" style=\" width: 38%;float: left;margin-right: 1rem;\">\n<div  class=\"Prepare-li\">\n<h2>Step 2:<br>\nAdjust the Wig’s Straps<\/h2>\n<i>At the back of every basic cap wig, you’ll find adjustable straps or \nVelcro fasteners.<\/i>\n<p>·Tighten or loosen the straps to fit your head snugly.<\/p>\n<p>·A proper fit ensures the wig stays securely in place \nthroughout the day.<\/p>\n<\/div>\n<\/li>\n<li style=\"margin-left: 2%\">\n<img src=\"https:\/\/cdn.shopify.com\/s\/files\/1\/0661\/1933\/6190\/files\/Guide-3.png?v=1754552791\" style=\" width: 38%;float: left;margin-right: 1rem;\">\n<div  class=\"Prepare-li\">\n<h2>Step 3:<br>\nPut on the Wig<\/h2>\n<i>Now it’s time to wear the wig:<\/i>\n<p>·Hold the wig at the nape with both hands.<\/p>\n<p>·Tilt your head slightly forward and place the front of the wig just above your eyebrows.<\/p>\n<p>·Pull the wig back over your head, tucking in your natural hair as you go.<\/p>\n<\/div>\n<\/li>\n<li style=\"margin-left: 2%\">\n<img src=\"https:\/\/cdn.shopify.com\/s\/files\/1\/0661\/1933\/6190\/files\/Guide-4.png?v=1754553294\"  style=\" width: 38%;float: left;margin-right: 1rem;\">\n<div  class=\"Prepare-li\">\n<h2>Step 4:<br>\nAdjust and Style<\/h2>\n<i>Ensure the wig is centered and fits comfortably:<\/i>\n<p>·Align the front hairline using the four-finger rule: place four fingers above your eyebrows to find your natural hairline.<\/p>\n<p>·Adjust the ear tabs so they rest evenly in front of your ears — this helps with alignment.<\/p>\n<p>·Check for comfort and symmetry.<\/p>\n<\/div>\n<\/li>\n<\/ul>\n<\/div>","color_scheme":"","padding_top":0,"padding_bottom":0}},"custom_liquid_wh7qdB":{"type":"custom-liquid","custom_css":["@media screen and (min-width: 768px) {.Guide {display: none; }}","h2,p,ul,ol {margin: 0; padding: 0; box-sizing: border-box; list-style-type: none;}",".Guide ul {overflow: hidden;}",".Guide li {width: 98%; border: 1px solid #aaa; border-radius: 8px; overflow: hidden;}",".Guide .Prepare-li {padding: 1rem;}",".Guide .Prepare-li h2 {font-size: 2rem; font-weight: bold;}",".Guide .Prepare-li i {font-style: normal; font-size: 1.3rem; line-height: 1rem; color: #999;}",".Guide .Prepare-li p {font-size: 1.4rem; margin-top: 0.8rem; color: #000;}"],"name":"t:sections.custom-liquid.presets.name","settings":{"custom_liquid":"<div  class=\"isolate page-width Guide\">\n<ul>\n<li style=\"margin-bottom: 1rem;\">\n<img src=\"https:\/\/cdn.shopify.com\/s\/files\/1\/0661\/1933\/6190\/files\/Guide-5.png?v=1754554476\" style=\" width: 100%;float: left;margin-right: 1rem;\">\n<div  class=\"Prepare-li\">\n<h2>Step 1:Prepare Your Natural Hair<\/h2>\n<i>Before putting on your wig, ensure your natural hair is secured flat and awayfrom your face.<\/i>\n<p>·For long or medium-length hair: Braid your hair or twist it \ninto pin curls and secure it with hairpins.<\/p>\n<p>·For short hair or little\/no hair: Use a wig cap to protect your \nscalp and keep the wig in place.<\/p>\n<p>·A wig cap is highly recommended for better comfort and hygiene.<\/p>\n<\/div>\n<\/li>\n<li style=\"margin-bottom: 1rem;\">\n<img src=\"https:\/\/cdn.shopify.com\/s\/files\/1\/0661\/1933\/6190\/files\/Guide-6.png?v=1754554476\" style=\" width: 100%;float: left;margin-right: 1rem;\">\n<div  class=\"Prepare-li\">\n<h2>Step 2:Adjust the Wig’s Straps<\/h2>\n<i>At the back of every basic cap wig, you’ll find adjustable straps or \nVelcro fasteners.<\/i>\n<p>·Tighten or loosen the straps to fit your head snugly.<\/p>\n<p>·A proper fit ensures the wig stays securely in place \nthroughout the day.<\/p>\n<\/div>\n<\/li>\n<li  style=\"margin-bottom: 1rem;\">\n<img src=\"https:\/\/cdn.shopify.com\/s\/files\/1\/0661\/1933\/6190\/files\/Guide-7.png?v=1754554476\" style=\" width: 100%;float: left;margin-right: 1rem;\">\n<div  class=\"Prepare-li\">\n<h2>Step 3:Put on the Wig<\/h2>\n<i>Now it’s time to wear the wig:<\/i>\n<p>·Hold the wig at the nape with both hands.<\/p>\n<p>·Tilt your head slightly forward and place the front of the wig just above your eyebrows.<\/p>\n<p>·Pull the wig back over your head, tucking in your natural hair as you go.<\/p>\n<\/div>\n<\/li>\n<li>\n<img src=\"https:\/\/cdn.shopify.com\/s\/files\/1\/0661\/1933\/6190\/files\/Guide-8.png?v=1754554476\"  style=\" width: 100%;float: left;margin-right: 1rem;\">\n<div  class=\"Prepare-li\">\n<h2>Step 4:Adjust and Style<\/h2>\n<i>Ensure the wig is centered and fits comfortably:<\/i>\n<p>·Align the front hairline using the four-finger rule: place four fingers above your eyebrows to find your natural hairline.<\/p>\n<p>·Adjust the ear tabs so they rest evenly in front of your ears — this helps with alignment.<\/p>\n<p>·Check for comfort and symmetry.<\/p>\n<\/div>\n<\/li>\n<\/ul>\n<\/div>","color_scheme":"","padding_top":0,"padding_bottom":40}},"rich_text_EFi3jB":{"type":"rich-text","blocks":{"heading_iLmJpj":{"type":"heading","settings":{"heading":"A Step-by-Step Guide for Lace Front Wig","heading_size":"h1"}}},"block_order":["heading_iLmJpj"],"name":"t:sections.rich-text.presets.name","settings":{"desktop_content_position":"center","content_alignment":"center","color_scheme":"","full_width":true,"padding_top":40,"padding_bottom":0}},"tabs_multirow_C8E4PM":{"type":"tabs-multirow","blocks":{"row_RDghQk":{"type":"row","settings":{"caption":"","heading":"Step 1: Prepare Your Natural Hair","text":"<p>Make sure all your hair is pulled back flat against your scalp.<\/p><p>·Medium to Long Hair: Braid or section your hair, then pin it securely.<br\/>·Short Hair or Hair Loss: Use a wig cap to protect your scalp and help the wig stay in place.<\/p><p>Tools You’ll Need:<\/p><p>① Wig cap  <br\/>② Wig band (to secure lace front)<br\/>③ Small scissors (for trimming excess lace)<br\/>④ Wig adhesive \/ tape \/ temporary styling spray <br\/>⑤ Hair clips, blow dryer, mirror, and other tools<\/p>","button_label":"","button_link":""}},"row_VmVmcV":{"type":"row","settings":{"caption":"","heading":"Step 2: Choose a Securing Method","text":"<p>Select the method that suits your wearing duration and lifestyle:<\/p><p>·Temporary Styling Spray (for short-term wear):<br\/>Easy to apply, suitable for daily outings.<br\/>·Wig Glue or Adhesive Tape (for long-lasting hold):<br\/>Ideal for all-day wear or special occasions.<br\/>Offers extra security and natural appearance.<\/p>","button_label":"","button_link":""}},"row_dPzXGf":{"type":"row","settings":{"caption":"","heading":"Step 3: Apply and Position the Wig","text":"<p>·Apply a thin, even layer of adhesive along your forehead hairline.·Hold the wig at the nape and lower your head slightly.<br\/>·Align the front lace with your natural hairline and pull the wig on from front to back.<br\/>·Use your fingers to press the lace tightly and secure the edges.<br\/>·You can use the end of the comb to tuck glue under the lace for better hold.<br\/>·Using a small, sharp pair of scissors, carefully trim the extra lace along the hairline. Cut close to the hair roots without damaging the hair strands.<br\/>·Lightly tease a few baby hairs for a more realistic finish.<\/p>","button_label":"","button_link":""}},"row_ej7Ng4":{"type":"row","settings":{"caption":"","heading":"Step 4: Secure the Lace & Blend","text":"<p>·Gently pull all the hair back and lay the lace flat.<br\/>·Use a wig band to secure the lace area. Leave it <br\/>on for 5–10 minutes to help the glue set.<br\/>·Dab a small amount of foundation or powder onto <br\/>the lace edge to blend seamlessly with your skin tone.<\/p><p><\/p><p>Aftercare Tips：<\/p><p>Remove daily using a proper glue remover.Clean the lace thoroughly to extend the lifespan of your wig.<br\/>Use wig-specific care products to keep fibres smooth and glossy.<br\/><\/p>","button_label":"","button_link":""}}},"block_order":["row_RDghQk","row_VmVmcV","row_dPzXGf","row_ej7Ng4"],"disabled":true,"name":"选项卡多行","settings":{"section_title":"","heading_size":"h1","image_height":"medium","desktop_image_width":"medium","text_style":"body","button_style":"secondary","desktop_content_position":"middle","desktop_content_alignment":"left","image_layout":"alternate-left","section_color_scheme":"","row_color_scheme":"","mobile_content_alignment":"left","padding_top":36,"padding_bottom":36}},"multirow_nLDKqG":{"type":"multirow","blocks":{"row_ML6kQ9":{"type":"row","settings":{"image":"shopify:\/\/shop_images\/Lace-Front-1.png","caption":"","heading":"Step 1: Prepare Your Natural Hair","text":"<p>Make sure all your hair is pulled back flat against your scalp.<\/p><p>·Medium to Long Hair: Braid or section your hair, then pin it securely.<br\/>·Short Hair or Hair Loss: Use a wig cap to protect your scalp and help the wig stay in place.<\/p><p>Tools You’ll Need:<\/p><p>① Wig cap  <br\/>② Wig band (to secure lace front)<br\/>③ Small scissors (for trimming excess lace)<br\/>④ Wig adhesive \/ tape \/ temporary styling spray <br\/>⑤ Hair clips, blow dryer, mirror, and other tools<\/p>","button_label":"","button_link":""}},"row_BA7Uck":{"type":"row","settings":{"image":"shopify:\/\/shop_images\/Lace-Front-2.png","caption":"","heading":"Step 2: Choose a Securing Method","text":"<p>Select the method that suits your wearing duration and lifestyle:<\/p><p>·Temporary Styling Spray (for short-term wear):<br\/>Easy to apply, suitable for daily outings.<br\/>·Wig Glue or Adhesive Tape (for long-lasting hold):<br\/>Ideal for all-day wear or special occasions.<br\/>Offers extra security and natural appearance.<\/p>","button_label":"","button_link":""}},"row_gdwM3z":{"type":"row","settings":{"image":"shopify:\/\/shop_images\/Lace-Front-3.png","caption":"","heading":"Step 3: Apply and Position the Wig","text":"<p>·Apply a thin, even layer of adhesive along your forehead hairline.·Hold the wig at the nape and lower your head slightly.<br\/>·Align the front lace with your natural hairline and pull the wig on from front to back.<br\/>·Use your fingers to press the lace tightly and secure the edges.<br\/>·You can use the end of the comb to tuck glue under the lace for better hold.<br\/>·Using a small, sharp pair of scissors, carefully trim the extra lace along the hairline. Cut close to the hair roots without damaging the hair strands.<br\/>·Lightly tease a few baby hairs for a more realistic finish.<\/p>","button_label":"","button_link":""}},"row_y6n4DW":{"type":"row","settings":{"image":"shopify:\/\/shop_images\/Lace-Front-4.png","caption":"","heading":"Step 4: Secure the Lace & Blend","text":"<p>·Gently pull all the hair back and lay the lace flat.<br\/>·Use a wig band to secure the lace area. Leave it <br\/>on for 5–10 minutes to help the glue set.<br\/>·Dab a small amount of foundation or powder onto <br\/>the lace edge to blend seamlessly with your skin tone.<\/p><p><\/p><p>Aftercare Tips：<\/p><p>Remove daily using a proper glue remover.Clean the lace thoroughly to extend the lifespan of your wig.<br\/>Use wig-specific care products to keep fibres smooth and glossy.<br\/><\/p>","button_label":"","button_link":""}}},"block_order":["row_ML6kQ9","row_BA7Uck","row_gdwM3z","row_y6n4DW"],"name":"t:sections.multirow.presets.name","settings":{"image_height":"adapt","desktop_image_width":"medium","heading_size":"h1","text_style":"body","button_style":"secondary","desktop_content_position":"middle","desktop_content_alignment":"left","image_layout":"alternate-left","section_color_scheme":"scheme-1","row_color_scheme":"","mobile_content_alignment":"left","padding_top":36,"padding_bottom":36}},"main":{"type":"main-page","disabled":true,"settings":{"padding_top":28,"padding_bottom":28}},"newsletter_gGhhgW":{"type":"newsletter","blocks":{"paragraph_HyV9JK":{"type":"paragraph","settings":{"text":"<p>Sign up for exclusive discounts and stay in the know<\/p>"}},"email_form_dKN6Kk":{"type":"email_form","settings":{}}},"block_order":["paragraph_HyV9JK","email_form_dKN6Kk"],"settings":{"color_scheme":"scheme-4","full_width":true,"padding_top":40,"padding_bottom":52}}},"order":["slideshow_Er9bMz","slideshow_cF8BhX","rich_text_NwPnaJ","rich_text_wxh33B","custom_liquid_JhNVWq","custom_liquid_wh7qdB","rich_text_EFi3jB","tabs_multirow_C8E4PM","multirow_nLDKqG","main","newsletter_gGhhgW"]}