{"sections":{"rich_text_eURXKY":{"type":"rich-text","blocks":{"heading_7ePtqV":{"type":"heading","settings":{"heading":"About Us","heading_size":"h0"}},"text_4LpjzY":{"type":"text","disabled":true,"settings":{"text":"<p>Share information about your brand with your customers. Describe a product, make announcements, or welcome customers to your store.<\/p>"}},"button_QwwTGp":{"type":"button","disabled":true,"settings":{"button_label":"Button label","button_link":"","button_style_secondary":false,"button_label_2":"","button_link_2":"","button_style_secondary_2":false}}},"block_order":["heading_7ePtqV","text_4LpjzY","button_QwwTGp"],"settings":{"desktop_content_position":"center","content_alignment":"center","color_scheme":"scheme-2","full_width":true,"padding_top":40,"padding_bottom":52}},"image_banner_PXPGgK":{"type":"image-banner","blocks":{"heading_mAixgi":{"type":"heading","settings":{"heading":"<strong>Who We Are<\/strong>","heading_size":"h1"}},"text_LrkCcU":{"type":"text","settings":{"text":"Born in Edinburgh in 2019, Ailsas is a British collective of wig and fashion accessory brands. We believe true beauty begins with awakened confidence. Whether you’re taking your first wig step or seeking seamless solutions, our 4-brand ecosystem and expert guides empower every woman to transform – from hair to heart."}},"buttons_3PkLVt":{"type":"buttons","disabled":true,"settings":{"button_label_1":"Button label","button_link_1":"","button_style_secondary_1":false,"button_label_2":"","button_link_2":"","button_style_secondary_2":false}}},"block_order":["heading_mAixgi","text_LrkCcU","buttons_3PkLVt"],"custom_css":["@media screen and (min-width: 1400px) {.banner__box {max-width: 70rem; }}","@media screen and (max-width: 767px) {.blog_app {display: none; }}"],"settings":{"image":"shopify:\/\/shop_images\/1.jpg","banner_link":"","image_height":"adapt","desktop_content_position":"middle-left","desktop_content_alignment":"left","color_scheme":"scheme-1","stack_images_on_mobile":true,"show_text_box":true,"image_overlay_opacity":0,"mobile_content_alignment":"center","show_text_below":true,"image_behavior":"none"}},"image_banner_W6rG8q":{"type":"image-banner","blocks":{"heading_4ezAtQ":{"type":"heading","settings":{"heading":"<strong>Who We Are<\/strong>","heading_size":"h1"}},"text_bEfgK9":{"type":"text","settings":{"text":"Born in Edinburgh in 2019, Ailsas is a British collective of wig and fashion accessory brands. We believe true beauty begins with awakened confidence. Whether you’re taking your first wig step or seeking seamless solutions, our 4-brand ecosystem and expert guides empower every woman to transform – from hair to heart."}},"buttons_Vzbrc7":{"type":"buttons","disabled":true,"settings":{"button_label_1":"Button label","button_link_1":"","button_style_secondary_1":false,"button_label_2":"","button_link_2":"","button_style_secondary_2":false}}},"block_order":["heading_4ezAtQ","text_bEfgK9","buttons_Vzbrc7"],"custom_css":["@media screen and (min-width: 767px) {.blog_app {display: none; }}"],"settings":{"image":"shopify:\/\/shop_images\/Who-We-Are-app.jpg","banner_link":"","image_height":"adapt","desktop_content_position":"middle-left","desktop_content_alignment":"left","color_scheme":"scheme-1","stack_images_on_mobile":true,"show_text_box":true,"image_overlay_opacity":0,"mobile_content_alignment":"center","show_text_below":true,"image_behavior":"none"}},"multirow_E9PrLa":{"type":"multirow","blocks":{"row_JFhw9c":{"type":"row","settings":{"image":"shopify:\/\/shop_images\/Our-Vision.jpg","caption":"","heading":"<strong>Our Vision <\/strong>","text":"<p><strong>To Make Confidence the Universal Language of Women<\/strong><\/p><p>To redefine wigs as declarations of self-expression, not covers for insecurity.<\/p>","button_label":"","button_link":""}},"row_ggDLAH":{"type":"row","settings":{"image":"shopify:\/\/shop_images\/Our-Mission.jpg","caption":"","heading":"<strong>Our Mission<\/strong>","text":"<p><strong>Not Just Beauty – Where Hair Meets Power<\/strong><\/p><p><strong>Products<\/strong>: From £38 playful styles to 40hr-crafted heirlooms, for every need.<\/p><p><strong>Service<\/strong>: 48h UK delivery, free Edinburgh trials, real-user guides.<\/p><p><strong>Community<\/strong>: Your stories fuel our evolution.<\/p>","button_label":"","button_link":""}}},"block_order":["row_JFhw9c","row_ggDLAH"],"custom_css":["@media screen and (min-width: 750px) {.image-with-text__media--medium {height: auto; }}"],"settings":{"image_height":"medium","desktop_image_width":"medium","heading_size":"h1","text_style":"body","button_style":"secondary","desktop_content_position":"middle","desktop_content_alignment":"left","image_layout":"alternate-left","section_color_scheme":"","row_color_scheme":"","mobile_content_alignment":"left","padding_top":36,"padding_bottom":36}},"image_banner_igWC6e":{"type":"image-banner","blocks":{"heading_xCrYiq":{"type":"heading","settings":{"heading":"<strong>What Makes Us Different<\/strong>","heading_size":"h1"}},"text_BaGtTV":{"type":"text","settings":{"text":"✨ Four DNA of Innovation✨Precision Design:Ailsa's Wigs: Lace fronts mimic natural hairlines for first-timers;ECCO: Fix thinning hair in 5 secs, gym-proof secure;British Craftsmanship: Lewis wigs moulded to 300+ head shapes for a “second skin” fit;Realness First: Zero over-editing in product visuals;Co-Creation: Users vote on new designs monthly."}},"buttons_icM6B6":{"type":"buttons","disabled":true,"settings":{"button_label_1":"Button label","button_link_1":"","button_style_secondary_1":false,"button_label_2":"Button label","button_link_2":"","button_style_secondary_2":false}}},"block_order":["heading_xCrYiq","text_BaGtTV","buttons_icM6B6"],"custom_css":["@media screen and (min-width: 1400px) {.banner__box {max-width: 70rem; }}","@media screen and (max-width: 767px) {.blog_app {display: none; }}"],"settings":{"image":"shopify:\/\/shop_images\/What-Makes-Us-Different.jpg","banner_link":"","image_height":"adapt","desktop_content_position":"middle-right","desktop_content_alignment":"left","color_scheme":"","stack_images_on_mobile":true,"show_text_box":true,"image_overlay_opacity":0,"mobile_content_alignment":"center","show_text_below":true,"image_behavior":"none"}},"image_banner_w6LDUR":{"type":"image-banner","blocks":{"heading_JnC3Nb":{"type":"heading","settings":{"heading":"<strong>What Makes Us Different<\/strong>","heading_size":"h1"}},"text_bbTn6J":{"type":"text","settings":{"text":"✨ Four DNA of Innovation✨Precision Design:Ailsa's Wigs: Lace fronts mimic natural hairlines for first-timers;ECCO: Fix thinning hair in 5 secs, gym-proof secure;British Craftsmanship: Lewis wigs moulded to 300+ head shapes for a “second skin” fit;Realness First: Zero over-editing in product visuals;Co-Creation: Users vote on new designs monthly."}},"buttons_9iNtXi":{"type":"buttons","disabled":true,"settings":{"button_label_1":"Button label","button_link_1":"","button_style_secondary_1":false,"button_label_2":"Button label","button_link_2":"","button_style_secondary_2":false}}},"block_order":["heading_JnC3Nb","text_bbTn6J","buttons_9iNtXi"],"custom_css":["@media screen and (min-width: 767px) {.blog_app {display: none; }}"],"settings":{"image":"shopify:\/\/shop_images\/What-Makes-Us-Different-app.jpg","banner_link":"","image_height":"adapt","desktop_content_position":"middle-right","desktop_content_alignment":"left","color_scheme":"","stack_images_on_mobile":true,"show_text_box":true,"image_overlay_opacity":0,"mobile_content_alignment":"center","show_text_below":true,"image_behavior":"none"}},"rich_text_c7iwat":{"type":"rich-text","blocks":{"heading_Gn3NTq":{"type":"heading","settings":{"heading":"<strong>Our Community<\/strong>","heading_size":"h1"}},"text_jbjmJf":{"type":"text","settings":{"text":"<p>Your Voice Shapes Ailsas.We value every piece of honest feedback! Whether it’s product ideas, wearing experiences, or service suggestions – your input helps us grow.<br\/>Share your story now: <strong>hello@ailsas.com<\/strong><\/p>"}}},"block_order":["heading_Gn3NTq","text_jbjmJf"],"settings":{"desktop_content_position":"center","content_alignment":"center","color_scheme":"scheme-2","full_width":true,"padding_top":40,"padding_bottom":36}},"multicolumn_XRUwkp":{"type":"multicolumn","blocks":{"column_CEiWJB":{"type":"column","settings":{"image":"shopify:\/\/shop_images\/Our-Community.png","title":"","text":"<p>“Bought Ailsa's Wigs for Mum’s birthday – she called it ‘the most heartfelt surprise, better than jewels’.”<br\/>– Emily Carter<\/p>","link_label":"","link":""}},"column_RJwpCE":{"type":"column","settings":{"image":"shopify:\/\/shop_images\/Our-Community-1.png","title":"","text":"<p>“Lewis&Ailsa gave me dignity during chemo. At my daughter’s wedding, even close hugs couldn’t reveal it – like a second skin.”<br\/>– Margaret Bennett<\/p>","link_label":"","link":""}},"column_UpjBDk":{"type":"column","settings":{"image":"shopify:\/\/shop_images\/Our-Community-2.png","title":"","text":"<p>“Rieker’s trial service is genius! The short wig fit so naturally, my colleagues asked for my stylist’s contact!”<br\/>– Dorothy Clarke<\/p>","link_label":"","link":""}}},"block_order":["column_CEiWJB","column_RJwpCE","column_UpjBDk"],"custom_css":["@media screen and (min-width: 768px) {.background-none .multicolumn-card__image-wrapper {margin-left: 10rem; margin-right: 10rem; }}","@media screen and (max-width: 767px) {.background-none .multicolumn-card__image-wrapper {margin-left: 10rem; margin-right: 10rem; }}"],"settings":{"title":"","heading_size":"h1","image_width":"full","image_ratio":"adapt","columns_desktop":3,"column_alignment":"left","background_style":"none","button_label":"","button_link":"","color_scheme":"scheme-2","columns_mobile":"1","swipe_on_mobile":false,"padding_top":0,"padding_bottom":0}},"rich_text_kbxkFd":{"type":"rich-text","blocks":{"heading_cxMybT":{"type":"heading","disabled":true,"settings":{"heading":"<strong>Our Community<\/strong>","heading_size":"h1"}},"text_RJij3p":{"type":"text","settings":{"text":"<p>Your Story Could Empower Another Woman<br\/>Join #AilsasRealDiaries to share styling hacks or heartwarming moments<br\/>Monthly featured stories win a Custom Care Kit <strong>(Premium comb + Shopping Bag)<\/strong><\/p>"}}},"block_order":["heading_cxMybT","text_RJij3p"],"settings":{"desktop_content_position":"center","content_alignment":"center","color_scheme":"scheme-2","full_width":true,"padding_top":36,"padding_bottom":36}},"multicolumn_67nHwY":{"type":"multicolumn","blocks":{"column_pp8qma":{"type":"column","settings":{"title":"<strong>✨ Ailsa's Wigs<\/strong>","text":"<p>Bold & Affordable | From £38 | First-Wig Friendly<\/p>","link_label":"","link":""}},"column_FFUJFY":{"type":"column","settings":{"title":"<strong>✨ Lewis and Ailsa<\/strong>","text":"<p>40hr Handcrafted Luxe | Heirloom Human Hair | Bridal & CEO’s Edit<\/p>","link_label":"","link":""}},"column_M3UVgk":{"type":"column","settings":{"title":"<strong>✨ Rieker Wigs（Coming Soon）<\/strong>","text":"<p>Short Hair, Big Statements | For British Women 40+ | Work & Tea-Ready<\/p>","link_label":"","link":""}},"column_qiAXQc":{"type":"column","settings":{"title":"<strong>✨ ECCO Wigs（Coming Soon）<\/strong>","text":"<p>Hairline Heroes | Unisex | 5-Sec Fix<\/p>","link_label":"","link":""}}},"block_order":["column_pp8qma","column_FFUJFY","column_M3UVgk","column_qiAXQc"],"settings":{"title":"<strong>Brand Ecosystem<\/strong>","heading_size":"h1","image_width":"full","image_ratio":"adapt","columns_desktop":4,"column_alignment":"left","background_style":"primary","button_label":"","button_link":"","color_scheme":"","columns_mobile":"1","swipe_on_mobile":false,"padding_top":36,"padding_bottom":36}},"image_banner_UezKEr":{"type":"image-banner","blocks":{"heading_ALJUpy":{"type":"heading","settings":{"heading":"<strong>Your Confidence Journey<\/strong>","heading_size":"h1"}},"text_7KdHrd":{"type":"text","settings":{"text":"We know hair isn't a cover – it's armor. From R&D to wig care guides, every detail empowers you to:✔️ Command boardrooms✔️ Sparkle on dates✔️ Smile at your reflection⏰48h UK Delivery｜Free Trials in Edinburgh"}},"buttons_dNxnXc":{"type":"buttons","disabled":true,"settings":{"button_label_1":"Button label","button_link_1":"","button_style_secondary_1":false,"button_label_2":"Button label","button_link_2":"","button_style_secondary_2":false}}},"block_order":["heading_ALJUpy","text_7KdHrd","buttons_dNxnXc"],"custom_css":["@media screen and (min-width: 1400px) {.banner__box {max-width: 70rem; }}","@media screen and (max-width: 767px) {.blog_app {display: none; }}"],"settings":{"image":"shopify:\/\/shop_images\/2.jpg","banner_link":"","image_height":"adapt","desktop_content_position":"middle-right","desktop_content_alignment":"left","color_scheme":"","stack_images_on_mobile":true,"show_text_box":true,"image_overlay_opacity":0,"mobile_content_alignment":"center","show_text_below":true,"image_behavior":"none"}},"image_banner_az6RQR":{"type":"image-banner","blocks":{"heading_knqKdW":{"type":"heading","settings":{"heading":"<strong>Your Confidence Journey<\/strong>","heading_size":"h1"}},"text_DNbbkF":{"type":"text","settings":{"text":"We know hair isn't a cover – it's armor. From R&D to wig care guides, every detail empowers you to:✔️ Command boardrooms✔️ Sparkle on dates✔️ Smile at your reflection⏰48h UK Delivery｜Free Trials in Edinburgh"}},"buttons_pqaWJA":{"type":"buttons","disabled":true,"settings":{"button_label_1":"Button label","button_link_1":"","button_style_secondary_1":false,"button_label_2":"Button label","button_link_2":"","button_style_secondary_2":false}}},"block_order":["heading_knqKdW","text_DNbbkF","buttons_pqaWJA"],"custom_css":["@media screen and (min-width: 767px) {.blog_app {display: none; }}"],"settings":{"image":"shopify:\/\/shop_images\/Your-Confidence-Journey-app.jpg","banner_link":"","image_height":"adapt","desktop_content_position":"middle-right","desktop_content_alignment":"left","color_scheme":"","stack_images_on_mobile":true,"show_text_box":true,"image_overlay_opacity":0,"mobile_content_alignment":"center","show_text_below":true,"image_behavior":"none"}},"multirow_tpYDPt":{"type":"multirow","blocks":{"row_Apj3eV":{"type":"row","settings":{"image":"shopify:\/\/shop_images\/How_Long_Can_I_Wear_a_Wig.png","caption":"Caption","heading":"Row","text":"<p>Pair text with an image to focus on your chosen product, collection, or blog post. Add details on availability, style, or even provide a review.<\/p>","button_label":"Button label","button_link":""}},"row_xihmwF":{"type":"row","settings":{"caption":"Caption","heading":"Row","text":"<p>Pair text with an image to focus on your chosen product, collection, or blog post. Add details on availability, style, or even provide a review.<\/p>","button_label":"Button label","button_link":""}}},"block_order":["row_Apj3eV","row_xihmwF"],"disabled":true,"settings":{"image_height":"medium","desktop_image_width":"medium","heading_size":"h1","text_style":"body","button_style":"secondary","desktop_content_position":"middle","desktop_content_alignment":"left","image_layout":"alternate-left","section_color_scheme":"","row_color_scheme":"","mobile_content_alignment":"left","padding_top":36,"padding_bottom":36}},"main":{"type":"main-page","disabled":true,"settings":{"padding_top":28,"padding_bottom":28}},"newsletter_gGhhgW":{"type":"newsletter","blocks":{"paragraph_HyV9JK":{"type":"paragraph","settings":{"text":"<p>Sign up for exclusive discounts and stay in the know<\/p>"}},"email_form_dKN6Kk":{"type":"email_form","settings":{}}},"block_order":["paragraph_HyV9JK","email_form_dKN6Kk"],"settings":{"color_scheme":"scheme-4","full_width":true,"padding_top":40,"padding_bottom":52}}},"order":["rich_text_eURXKY","image_banner_PXPGgK","image_banner_W6rG8q","multirow_E9PrLa","image_banner_igWC6e","image_banner_w6LDUR","rich_text_c7iwat","multicolumn_XRUwkp","rich_text_kbxkFd","multicolumn_67nHwY","image_banner_UezKEr","image_banner_az6RQR","multirow_tpYDPt","main","newsletter_gGhhgW"]}