{"sections":{"main":{"type":"main-page","disabled":true,"settings":{"padding_top":36,"padding_bottom":36}},"form":{"type":"contact-form","settings":{"form_title":"CONTACT US","form_description":"We love to hear from you on our customer service, merchandise, website or any topics you want to share with us. Your comments and suggestions will be appreciated.","heading_size":"h1","sidebar_title":"GET IN TOUCH","sidebar_subtitle":"Send us an email","sidebar_description":"Ask us anything! Write here to help.","live_help_title":"Live Help","live_help_text":"If you have an issue or question that requires immediate assistance, you can click the button below to chat live with a Customer Service representative. If we aren't available, drop us an email to the left and we will get back to you within 20-30 hours!","live_help_button_text":"MESSAGE US","live_help_button_link":"","contact_phone":"TEXT: 09h-22d-ELLA","contact_email":"Email: email@domain.com","contact_address":"Address: GES Market Street\nSan Francisco, CA 94105,\nUnited States","opening_hours":"Opening Hours: Opening Hours:\nUSQUE-SPET TEXAM - 0:00PM\nSUM: 10:00AM - 0:00PM","sidebar_bg_color":"#f9f9f9","button_bg_color":"#000000","button_text_color":"#ffffff","sidebar_width":300,"layout":"form_left","padding_top":16,"padding_bottom":16,"color_scheme":"scheme-1"}}},"order":["main","form"]}