{"sections":{"image_banner_a7eGtz":{"type":"image-banner","custom_css":["@media screen and (max-width: 767px) {.blog_app {display: none; }}"],"settings":{"image":"shopify:\/\/shop_images\/ugc_banner.png","banner_link":"shopify:\/\/pages\/t-cs-apply","image_height":"adapt","desktop_content_position":"middle-center","desktop_content_alignment":"center","color_scheme":"background-1","stack_images_on_mobile":false,"show_text_box":false,"image_overlay_opacity":0,"mobile_content_alignment":"center","show_text_below":true,"image_behavior":"none"}},"image_banner_3EaGgA":{"type":"image-banner","custom_css":["@media screen and (min-width: 768px) {.blog_app {display: none; }}"],"settings":{"image":"shopify:\/\/shop_images\/ugc-cashback-campaign_app.jpg","banner_link":"shopify:\/\/pages\/t-cs-apply","image_height":"adapt","desktop_content_position":"middle-center","desktop_content_alignment":"center","color_scheme":"background-1","stack_images_on_mobile":false,"show_text_box":false,"image_overlay_opacity":0,"mobile_content_alignment":"center","show_text_below":true,"image_behavior":"none"}},"rich_text_cTtU7J":{"type":"rich-text","blocks":{"heading_bKTBBy":{"type":"heading","settings":{"heading":"Trending Wig Styles","heading_size":"h1"}}},"block_order":["heading_bKTBBy"],"settings":{"desktop_content_position":"center","content_alignment":"center","color_scheme":"","full_width":true,"padding_top":40,"padding_bottom":12}},"featured_collection_cmkpnk":{"type":"featured-collection","custom_css":[".card__heading {display: -webkit-box; -webkit-line-clamp: 2; -webkit-box-orient: vertical; overflow: hidden; text-overflow: ellipsis; font-size: 1.4rem;}",".card__information {padding: 0;}",".collection__view-all {padding-top: 1rem;}"],"settings":{"title":"","heading_size":"h1","description":"","show_description":false,"description_style":"body","collection":"all-wigs","products_to_show":4,"columns_desktop":4,"full_width":false,"show_view_all":true,"view_all_style":"outline","enable_desktop_slider":true,"color_scheme":"","image_ratio":"adapt","image_shape":"default","show_secondary_image":false,"show_vendor":false,"show_rating":false,"quick_add":"none","columns_mobile":"2","swipe_on_mobile":false,"padding_top":0,"padding_bottom":36}},"rich_text_UTG7dG":{"type":"rich-text","blocks":{"heading_FbNaqK":{"type":"heading","settings":{"heading":"Wearing a wig that turns heads?","heading_size":"h1"}},"text_UTELRF":{"type":"text","settings":{"text":"<p>Let the world know. Share your moment of confidence, and Ailsas<\/p>"}}},"block_order":["heading_FbNaqK","text_UTELRF"],"custom_css":[".rich-text__text {margin-top: 1rem;}"],"settings":{"desktop_content_position":"center","content_alignment":"center","color_scheme":"scheme-3a5d6283-91b0-4a68-a3f8-b4e7620b8049","full_width":true,"padding_top":40,"padding_bottom":20}},"custom_liquid_QcMzhF":{"type":"custom-liquid","custom_css":["ul,ol,p,h2 {list-style-type: none; padding: 0; margin: 0;}",".Step li {width: 48%; background: #fff; float: left; border-radius: 1rem; margin-bottom: 1rem;}",".Step li .img {width: 32%; overflow: hidden; float: left; padding-top: 0.8rem; padding-left: 0.85rem;}",".Step li .img img {width: 100%;}",".Step li .substance {width: 66%; float: right;}",".substance h2 {font-size: 2rem; text-align: left; padding: 2rem 0 1rem 0; font-weight: 600;}",".substance i {font-style: normal; font-weight: 600; color: #000;}","@media screen and (max-width: 767px) {.Step {display: none; }}"],"settings":{"custom_liquid":"<div class=\" Step\" style=\" width: 74%;margin: 0 auto;\noverflow: hidden;\">\n<ul>\n<li>\n<div class=\" img\"><img src=\"https:\/\/cdn.shopify.com\/s\/files\/1\/0661\/1933\/6190\/files\/purchasing.png?v=1745389356\"><\/div>\n<div  class=\" substance\">\n<h2>purchasing<\/h2>\n<p>Buy any wig from  www.ailsas.com<\/p>\n<\/div>\n<\/li>\n<li style=\" margin-left: 1rem;\">\n<div class=\" img\"><img src=\"https:\/\/cdn.shopify.com\/s\/files\/1\/0661\/1933\/6190\/files\/Filming.png?v=1745390684\"><\/div>\n<div  class=\" substance\">\n<h2>Filming<\/h2>\n<p>Take three photos or short videos – Be \nyour true self: Real, Beautiful, Confident.<\/p>\n<\/div>\n<\/li>\n<li>\n<div class=\" img\"><img src=\"https:\/\/cdn.shopify.com\/s\/files\/1\/0661\/1933\/6190\/files\/Send_out.png?v=1745391727\"><\/div>\n<div  class=\" substance\">\n<h2>Send out<\/h2>\n<p><i>Option A:<\/i> Review + Link → Email us<\/p>\n<p><i>Option B:<\/i> Email 3+ photos\/video + Order \nNo. <i>hello@ailsas.com<\/i><\/p>\n<\/p>\n<\/div>\n<\/li>\n<li style=\" margin-left: 1rem;\">\n<div class=\" img\"><img src=\"https:\/\/cdn.shopify.com\/s\/files\/1\/0661\/1933\/6190\/files\/Audit.png?v=1745391727\"><\/div>\n<div  class=\" substance\">\n<h2>Audit<\/h2>\n<p>We’ll review and send <i>50%<\/i> cashback \nwithin 3 working days. <\/p>\n<p>Cashback will be returned via the original \npayment method.<\/p>\n<\/p>\n<\/div>\n<\/li>\n<\/ul>\n<\/div>","color_scheme":"scheme-3a5d6283-91b0-4a68-a3f8-b4e7620b8049","padding_top":8,"padding_bottom":0}},"custom_liquid_wkjcgp":{"type":"custom-liquid","custom_css":["ul,ol,p,h2 {list-style-type: none; padding: 0; margin: 0;}",".Step_app li {width: 100%; background: #fff; border-radius: 1rem; margin-bottom: 1rem; overflow: hidden;}",".Step_app li .img {width: 32%; overflow: hidden; float: left; padding-top: 0.8rem; padding-left: 0.85rem;}",".Step_app li .img img {width: 100%;}",".Step_app li .substance {width: 66%; float: right;}",".substance h2 {font-size: 1.6rem; text-align: left; font-weight: 600;}",".substance i {font-style: normal; font-weight: 600; color: #000;}","@media screen and (min-width: 768px) {.Step_app {display: none; }}"],"settings":{"custom_liquid":"<div class=\" Step_app\" style=\" width: 100%;margin: 0 auto;overflow: hidden;\">\n<ul style=\" width: 98%;margin: 0 auto;\">\n<li>\n<div class=\" img\"><img src=\"https:\/\/cdn.shopify.com\/s\/files\/1\/0661\/1933\/6190\/files\/purchasing.png?v=1745389356\"><\/div>\n<div  class=\" substance\" style=\" padding-top: 1rem;\">\n<h2>purchasing<\/h2>\n<p style=\"font-size: 1.3rem;\">Buy any wig from  www.ailsas.com<\/p>\n<\/div>\n<\/li>\n<li>\n<div class=\" img\"><img src=\"https:\/\/cdn.shopify.com\/s\/files\/1\/0661\/1933\/6190\/files\/Filming.png?v=1745390684\"><\/div>\n<div  class=\" substance\" style=\" padding-top: 1rem;\">\n<h2>Filming<\/h2>\n<p style=\"font-size: 1.3rem;\">Take three photos or short videos – Be \nyour true self: Real, Beautiful, Confident.<\/p>\n<\/div>\n<\/li>\n<li>\n<div class=\" img\"><img src=\"https:\/\/cdn.shopify.com\/s\/files\/1\/0661\/1933\/6190\/files\/Send_out.png?v=1745391727\"><\/div>\n<div  class=\" substance\" style=\" padding-top: 1rem;\">\n<h2>Send out<\/h2>\n<p style=\"font-size: 1.3rem;\"><i>Option A:<\/i> Review + Link → Email us<\/p>\n<p style=\"font-size: 1.3rem;\"><i>Option B:<\/i> Email 3+ photos\/video + Order \nNo. <i>hello@ailsas.com<\/i><\/p>\n<\/p>\n<\/div>\n<\/li>\n<li>\n<div class=\" img\"><img src=\"https:\/\/cdn.shopify.com\/s\/files\/1\/0661\/1933\/6190\/files\/Audit.png?v=1745391727\"><\/div>\n<div  class=\" substance\" style=\" padding-top: 1rem;\">\n<h2>Audit<\/h2>\n<p style=\"font-size: 1.3rem;\">We’ll review and send <i>50%<\/i> cashback \nwithin 3 working days. <\/p>\n<p style=\"font-size: 1.3rem;\">Cashback will be returned via the original \npayment method.<\/p>\n<\/p>\n<\/div>\n<\/li>\n<\/ul>\n<\/div>","color_scheme":"scheme-3a5d6283-91b0-4a68-a3f8-b4e7620b8049","padding_top":8,"padding_bottom":12}},"image_with_text_Y93zcg":{"type":"image-with-text","blocks":{"heading_WYt6x6":{"type":"heading","settings":{"heading":"Warm Reminder","heading_size":"h1"}},"text_dUTGEj":{"type":"text","settings":{"text":"<p>1、You must use your own original content.<br\/>2、Photos\/videos may be featured on Ailsas’ website and social media (with credit).<br\/>3、Refund will be issued to the same payment method used in the original order.<\/p>","text_style":"body"}}},"block_order":["heading_WYt6x6","text_dUTGEj"],"custom_css":[".image-with-text__content--bottom {justify-content: center;}",".image-with-text__media {border: none !important; box-shadow: none !important; outline: none !important;}"],"settings":{"image":"shopify:\/\/shop_images\/Warm_Reminder.png","height":"adapt","desktop_image_width":"small","layout":"image_first","desktop_content_position":"bottom","desktop_content_alignment":"left","content_layout":"no-overlap","section_color_scheme":"","color_scheme":"","image_behavior":"none","mobile_content_alignment":"left","padding_top":20,"padding_bottom":20}},"rich_text_YJRWdG":{"type":"rich-text","blocks":{"heading_Xbg8NN":{"type":"heading","settings":{"heading":"Action Call","heading_size":"h1"}},"text_QGffKi":{"type":"text","settings":{"text":"<p>Be the face of Ailsas. Be seen. Be celebrated. Start now  [Shop Your Wig]<\/p>"}}},"block_order":["heading_Xbg8NN","text_QGffKi"],"settings":{"desktop_content_position":"center","content_alignment":"center","color_scheme":"scheme-3a5d6283-91b0-4a68-a3f8-b4e7620b8049","full_width":true,"padding_top":40,"padding_bottom":20}},"custom_liquid_9CGJfn":{"type":"custom-liquid","custom_css":["ul,ol,p,h2 {list-style-type: none; padding: 0; margin: 0;}",".Action_Call {width: 76%; margin: 0 auto; overflow: hidden;}",".Call_img {width: 39%; float: left; border-radius: 1rem; overflow: hidden;}",".Call_img img {width: 100%;}",".Action_ul {width: 60%; float: right;}",".Action_ul li {width: 32%; float: left;}",".Action_ul li img {width: 100%;}","@media screen and (max-width: 767px) {.Action_Call {display: none; }}"],"settings":{"custom_liquid":"<div class=\" Action_Call\">\n<div  class=\"Call_img\">\n<img src=\"https:\/\/cdn.shopify.com\/s\/files\/1\/0661\/1933\/6190\/files\/Action_Call_1.png?v=1745393784\">\n<\/div>\n<div class=\"Action_ul\">\n<ul>\n<li><img src=\"https:\/\/cdn.shopify.com\/s\/files\/1\/0661\/1933\/6190\/files\/Action_Call_2.png?v=1745393235\">\n<\/li>\n<li style=\"margin-left: 1%;\"><img src=\"https:\/\/cdn.shopify.com\/s\/files\/1\/0661\/1933\/6190\/files\/Action_Call_3.png?v=1745393235\">\n<\/li>\n<li style=\"margin-left: 1%;\"><img src=\"https:\/\/cdn.shopify.com\/s\/files\/1\/0661\/1933\/6190\/files\/Action_Call_4.png?v=1745393234\">\n<\/li>\n<li><img src=\"https:\/\/cdn.shopify.com\/s\/files\/1\/0661\/1933\/6190\/files\/Action_Call_5.png?v=1745393235\">\n<\/li>\n<li style=\"margin-left: 1%;\"><img src=\"https:\/\/cdn.shopify.com\/s\/files\/1\/0661\/1933\/6190\/files\/Action_Call_6.png?v=1745393235\">\n<\/li>\n<li style=\"margin-left: 1%;\"><img src=\"https:\/\/cdn.shopify.com\/s\/files\/1\/0661\/1933\/6190\/files\/Action_Call_7.png?v=1745393235\">\n<\/li>\n<\/ul>\n<\/div>\n<\/div>","color_scheme":"scheme-3a5d6283-91b0-4a68-a3f8-b4e7620b8049","padding_top":0,"padding_bottom":0}},"custom_liquid_CLA8ir":{"type":"custom-liquid","custom_css":["@media screen and (min-width: 768px) {.Action_Call_app {display: none; }}","ul,ol,p,h2 {list-style-type: none; padding: 0; margin: 0;}",".Action_Call_app {width: 96%; margin: 0 auto; overflow: hidden;}",".Call_img_app {width: 100%; border-radius: 1rem; overflow: hidden;}",".Call_img_app img {width: 100%;}",".Action_ul {width: 100%;}",".Action_ul_app li {width: 32%; float: left;}",".Action_ul_app li img {width: 100%;}"],"settings":{"custom_liquid":"<div class=\" Action_Call_app\">\n<div  class=\"Call_img_app\">\n<img src=\"https:\/\/cdn.shopify.com\/s\/files\/1\/0661\/1933\/6190\/files\/Action_Call_1.png?v=1745393784\">\n<\/div>\n<div class=\"Action_ul_app\">\n<ul>\n<li><img src=\"https:\/\/cdn.shopify.com\/s\/files\/1\/0661\/1933\/6190\/files\/Action_Call_2.png?v=1745393235\">\n<\/li>\n<li style=\"margin-left: 1%;\"><img src=\"https:\/\/cdn.shopify.com\/s\/files\/1\/0661\/1933\/6190\/files\/Action_Call_3.png?v=1745393235\">\n<\/li>\n<li style=\"margin-left: 1%;\"><img src=\"https:\/\/cdn.shopify.com\/s\/files\/1\/0661\/1933\/6190\/files\/Action_Call_4.png?v=1745393234\">\n<\/li>\n<li><img src=\"https:\/\/cdn.shopify.com\/s\/files\/1\/0661\/1933\/6190\/files\/Action_Call_5.png?v=1745393235\">\n<\/li>\n<li style=\"margin-left: 1%;\"><img src=\"https:\/\/cdn.shopify.com\/s\/files\/1\/0661\/1933\/6190\/files\/Action_Call_6.png?v=1745393235\">\n<\/li>\n<li style=\"margin-left: 1%;\"><img src=\"https:\/\/cdn.shopify.com\/s\/files\/1\/0661\/1933\/6190\/files\/Action_Call_7.png?v=1745393235\">\n<\/li>\n<\/ul>\n<\/div>\n<\/div>","color_scheme":"scheme-3a5d6283-91b0-4a68-a3f8-b4e7620b8049","padding_top":0,"padding_bottom":32}},"main":{"type":"main-page","disabled":true,"settings":{"padding_top":28,"padding_bottom":28}},"newsletter_gGhhgW":{"type":"newsletter","blocks":{"paragraph_HyV9JK":{"type":"paragraph","settings":{"text":"<p>Sign up for exclusive discounts and stay in the know<\/p>"}},"email_form_dKN6Kk":{"type":"email_form","settings":{}}},"block_order":["paragraph_HyV9JK","email_form_dKN6Kk"],"settings":{"color_scheme":"scheme-4","full_width":true,"padding_top":40,"padding_bottom":52}}},"order":["image_banner_a7eGtz","image_banner_3EaGgA","rich_text_cTtU7J","featured_collection_cmkpnk","rich_text_UTG7dG","custom_liquid_QcMzhF","custom_liquid_wkjcgp","image_with_text_Y93zcg","rich_text_YJRWdG","custom_liquid_9CGJfn","custom_liquid_CLA8ir","main","newsletter_gGhhgW"]}