{"sections":{"image_banner_eLHitC":{"type":"image-banner","custom_css":["@media screen and (max-width: 767px) {.blog_app {display: none; }}"],"settings":{"image":"shopify:\/\/shop_images\/banner_Wig_Bundle_Gift_Campaign.webp","banner_link":"shopify:\/\/collections\/all-wigs","image_height":"adapt","desktop_content_position":"middle-center","desktop_content_alignment":"center","color_scheme":"background-1","stack_images_on_mobile":true,"show_text_box":true,"image_overlay_opacity":0,"mobile_content_alignment":"center","show_text_below":true,"image_behavior":"none"}},"image_banner_rTzxND":{"type":"image-banner","custom_css":["@media screen and (min-width: 768px) {.blog_app {display: none; }}"],"settings":{"image":"shopify:\/\/shop_images\/app_banner_Wig_Bundle_Gift_Campaign.jpg","banner_link":"shopify:\/\/collections\/all-wigs","image_height":"adapt","desktop_content_position":"middle-center","desktop_content_alignment":"center","color_scheme":"background-1","stack_images_on_mobile":true,"show_text_box":true,"image_overlay_opacity":0,"mobile_content_alignment":"center","show_text_below":true,"image_behavior":"none"}},"slideshow_8jUHfp":{"type":"slideshow","disabled":true,"custom_css":["@media screen and (max-width: 767px) {.banner_app {display: none; }}"],"settings":{"layout":"full_bleed","slide_height":"adapt_image","slider_visual":"numbers","auto_rotate":false,"change_slides_speed":5,"image_behavior":"none","show_text_below":true,"accessibility_info":"Wig Bundle Gift Campaign"}},"slideshow_Q6CqGk":{"type":"slideshow","blocks":{"slide_6e4dyT":{"type":"slide","settings":{"image":"shopify:\/\/shop_images\/app_banner_Wig_Bundle_Gift_Campaign.jpg","heading":"","heading_size":"h1","subheading":"","button_label":"","link":"","button_style_secondary":false,"box_align":"middle-center","show_text_box":true,"text_alignment":"center","image_overlay_opacity":0,"color_scheme":"scheme-1","text_alignment_mobile":"center"}}},"block_order":["slide_6e4dyT"],"disabled":true,"custom_css":["@media screen and (min-width: 768px) {.banner_app {display: none; }}"],"settings":{"layout":"full_bleed","slide_height":"adapt_image","slider_visual":"dots","auto_rotate":false,"change_slides_speed":3,"image_behavior":"none","show_text_below":false,"accessibility_info":""}},"custom_liquid_rfkeeB":{"type":"custom-liquid","custom_css":[".Gift_quantity {width: 74%; background: #000; margin: auto; font-size: 1.6rem; color: #fff; text-align: center; line-height: 3rem;}","@media screen and (max-width: 767px) {.Gift_app {display: none; }}"],"settings":{"custom_liquid":"<div class=\"Gift_quantity Gift_pc Gift_app\">\nAll right, let's go! First 50 customers receive a complimentary gift! <a \n href=\"\/pages\/package-reviews-t-cs-apply\" style=\"color: #a3a3a3;\">T&C'S APPLY.<\/a>\n<\/div>","color_scheme":"scheme-daa82468-327f-4b40-abdd-4de5131af6e2","padding_top":0,"padding_bottom":0}},"custom_liquid_EgHhDN":{"type":"custom-liquid","custom_css":[".Gift_quantity {width: 100%; background: #000; margin: auto; font-size: 1.2rem; color: #fff; text-align: center; line-height: 3rem;}","@media screen and (min-width: 768px) {.Gift_app {display: none; }}"],"settings":{"custom_liquid":"<div class=\"Gift_quantity Gift_pc Gift_app\">\nAll right, let's go! First 50 customers receive a complimentary gift! <a \n href=\"\/pages\/package-reviews-t-cs-apply\" style=\"color: #a3a3a3;\">T&C'S APPLY.<\/a>\n<\/div>","color_scheme":"scheme-daa82468-327f-4b40-abdd-4de5131af6e2","padding_top":0,"padding_bottom":0}},"custom_liquid_9mY3MU":{"type":"custom-liquid","custom_css":[".process {width: 1440px; margin: 0 auto; background: #fff; border-radius: 1rem; text-align: center; padding: 1rem 0rem; overflow: hidden;}","ul,ol {list-style-type: none; padding: 0; margin: 0;}",".process_gift ul {overflow: hidden;}",".process_gift li {width: 25%; float: left; text-align: left; padding-right: 3rem;}",".process_gift li h2 {line-height: 0.1rem; font-weight: 600;}",".process_gift li h1 {font-weight: 600;}",".process_gift {overflow: hidden;}","@media screen and (max-width: 767px) {.process_app {display: none; }}"],"name":"t:sections.custom-liquid.presets.name","settings":{"custom_liquid":"<div class=\"process process_app \">\n<h2>How to Claim Your Free Gifts<\/h2>\n<div  class=\"process_gift\">\n<div  class=\"process_line\" style=\"border-bottom: 2px dashed #a15fa5; width: 96%; height: 1px;margin: 0 auto;margin-top: 2rem;\">\n<\/div>\n<ul class=\"process_Blocks\"     style=\"margin: 0 auto;width: 96%; margin-top:-1.94rem;  \">\n<li style=\"\nwidth: 20px;height: 20px;background-color: #a15fa5;border-radius: 4px;transform: rotate(45deg);margin: 12px auto;padding-right: 0rem;margin-left: 4px;    margin-right: 23%;\n\"><\/li>\n<li style=\"\nwidth: 20px;height: 20px;background-color: #a15fa5;border-radius: 4px;transform: rotate(45deg);margin: 12px auto;padding-right: 0rem;margin-left: 4px;  margin-right: 23%;\n\"><\/li>\n<li style=\"\nwidth: 20px;height: 20px;background-color: #a15fa5;border-radius: 4px;transform: rotate(45deg);margin: 12px auto;padding-right: 0rem;margin-left: 4px;  margin-right: 23%;\n\"><\/li>\n<li style=\"\nwidth: 20px;height: 20px;background-color: #a15fa5;border-radius: 4px;transform: rotate(45deg);margin: 12px auto;padding-right: 0rem;margin-left: 4px;\n\"><\/li>\n<\/ul>\n<ul    style=\"margin: 0 auto;width: 96%; margin-top: -2rem;  \">\n<li>\n<h1>01<\/h1>\n<h2>Choose Your Wig<\/h2>\n<p>Pick your favourite wig and select free gifts directly on the product page. Add everything to your cart in one click.<\/p>\n<\/li>\n<li>\n<h1>02<\/h1>\n<h2>Unlock Gift Tiers<\/h2>\n<p>\n・Any order = Choose 2 gifts<\/br>\n・Spend £99+ = Choose 4 gifts<\/br>\n・Spend £149+ = Get all 6 gifts<\/p>\n<\/li>\n<li>\n<h1>03<\/h1>\n<h2>Automatic Discount<\/h2>\n<p>Apply this code at checkout to instantly save £10 – no minimum \n spend required!<\/p>\n<\/li>\n<li>\n<h1>04<\/h1>\n<h2>Extra Bonus:<i style=\"font-style: normal;color: #a15ea4;\"> WIGLOVE<\/i><\/h2>\n<p>Get £10 off, no minimum spend required!<\/br>\nLimited to the first 50 customers daily – act fast!<\/p>\n<\/li>\n<\/ul>\n<\/div>\n<\/div>","color_scheme":"scheme-daa82468-327f-4b40-abdd-4de5131af6e2","padding_top":40,"padding_bottom":4}},"custom_liquid_QbDFnx":{"type":"custom-liquid","custom_css":["@media screen and (min-width: 768px) {.process_app {display: none; }}",".process_app {width: 96%; margin: 0 auto; background: #fff; border-radius: 1rem; text-align: center; padding: 1rem 0rem; overflow: hidden;}","ul,ol {list-style-type: none; padding: 0; margin: 0;}",".process_gift ul {overflow: hidden;}",".process_gift li {width: 49%; float: left; text-align: left; padding-right: 1rem;}",".process_gift li h2 {font-weight: 600; font-size: 1.4rem;}",".process_gift li p {font-size: 1.3rem;}",".process_gift {overflow: hidden;}"],"name":"t:sections.custom-liquid.presets.name","settings":{"custom_liquid":"<div class=\"process process_app \">\n<h2>How to Claim Your Free Gifts<\/h2>\n<div  class=\"process_gift\">\n<ul    style=\"margin: 0 auto;width: 98%;\">\n<li>\n<h2> Choose Your Wig<\/h2>\n<p>Pick your favourite wig and select free gifts directly on the product page. Add everything to your cart in one click.<\/p>\n<\/li>\n<li><h2>Unlock Gift Tiers<\/h2>\n<p>\n・Any order = Choose 2 gifts;<\/br>\n・Spend £99+ = Choose 4 gifts;<\/br>\n・Spend £149+ = Get all 6 gifts<\/p>\n<\/li>\n<li>\n<h2>Automatic Discount<\/h2>\n<p>Gifts are added with your wig and auto-adjust to £0 at checkout.<\/p>\n<\/li>\n<li><h2>Extra Bonus:  <i style=\"font-style: normal;color: #a15ea4;\">WIGLOVE<\/i><\/h2>\n<p  style=\"font-size: 1.2rem;\">Get £10 off, no minimum spend required!Limited to the first 50 customers daily – act fast!<\/p>\n<\/li>\n<\/ul>\n<\/div>\n<\/div>","color_scheme":"scheme-daa82468-327f-4b40-abdd-4de5131af6e2","padding_top":0,"padding_bottom":20}},"custom_liquid_TbHkFc":{"type":"custom-liquid","custom_css":[".Gift_Bags {width: 1440px; margin: 0 auto;}",".discount {float: left; width: 18%; display: contents;}","dl,dt,dd {margin: 0; padding: 0;}","ul,ol {list-style-type: none; padding: 0; margin: 0;}",".gift li {float: left; width: 31%; margin-right: 2.3%;}",".content {width: 60%; float: right;}",".content h2 {font-size: 1.4rem; text-align: left; padding-left: 0.4rem;}",".content p {text-align: left; padding-left: 0.4rem; color: #d80000;}","a {text-decoration: none; color: inherit;}","@media screen and (max-width: 767px) {.Gift_Bags_app {display: none; }}"],"settings":{"custom_liquid":"<div class=\"Gift_Bags Gift_Bags_app \">\n<div  class=\"discount\">\n<img src=\"https:\/\/cdn.shopify.com\/s\/files\/1\/0661\/1933\/6190\/files\/Coupons_10.png?v=1745375397\">\n<\/div>\n<div  class=\"gift\" style=\"background: #fff;\n  width: 76%;\n  float: right;\n  border-radius: 1rem;\n  text-align: center;\">\n<h2>Buy Wigs · and Receive a Free Gift!<\/h2>\n<div class=\"rule\" style=\"background: #a15ea4;width: 96%;height: 60px;margin: auto;\">\n<dl style=\"display: inline-flex;float: left;padding: 0.8rem 3rem;\">\n<dt style=\"width: 40px;height: 40px;background: #ffeec9;border-radius: 60px; color: #000;font-size: 24px;\">1<\/dt><dd style=\"height: 40px;color: #fff;line-height: 40px;padding-left: 1rem;\">Click to view gift details.<div> <\/dd><\/dl>\n<dl  style=\"display: inline-flex;padding: 0.8rem 3rem;\">\n<dt style=\"width: 40px;height: 40px;background: #ffeec9;border-radius: 60px; color: #000;font-size: 24px;\">2<\/dt>\n<dd style=\"height: 40px;color: #fff;line-height: 40px;padding-left: 1rem;\">Please add gifts on the product page.<\/dd> <\/dl>\n<\/div>\n<ul    style=\"margin: 0 auto;width: 96%; margin-top: 2rem;  \">\n<li>\n<div class=\" img\" style=\"width: 40%; overflow: hidden;float: left;\">\n<a href=\"\/products\/ailsas-shopping-bag\">\n<img src=\"https:\/\/cdn.shopify.com\/s\/files\/1\/0661\/1933\/6190\/files\/Shopping_Bag.png?v=1745307586\" style=\"\n    width: 100%;\n\"><\/a><\/div>\n<div class=\"content\">\n<h2><a href=\"\/products\/ailsas-shopping-bag\">Ailsas Shopping Bag | Eco-\nFriendly Canvas Tote | ...<\/a><\/h2>\n<p><a href=\"\/products\/ailsas-shopping-bag\">£19.00 GBP<\/a><\/p>\n<\/div>\n<\/li>\n\n<li>\n<div class=\" img\" style=\"width: 40%; overflow: hidden;float: left;\">\n<a href=\"\/products\/ailsas-hair-jewelry\">\n<img src=\"https:\/\/cdn.shopify.com\/s\/files\/1\/0661\/1933\/6190\/files\/Hair_Accessories.png?v=1745310135\" style=\"\n    width: 100%;\n\"><\/a><\/div>\n<div class=\"content\">\n<h2><a href=\"\/products\/ailsas-hair-jewelry\">Ailsas Hair Accessories | \nElegant Hair...<\/a><\/h2>\n<p><a href=\"\/products\/ailsas-hair-jewelry\">£12.00 GBP<\/a><\/p>\n<\/div>\n<\/li>\n\n<li>\n<div class=\" img\" style=\"width: 40%; overflow: hidden;float: left;\">\n<a href=\"\/products\/ailsas-vent-hair-brush\">\n<img src=\"https:\/\/cdn.shopify.com\/s\/files\/1\/0661\/1933\/6190\/files\/Vent_Hair_Brush.png?v=1745310135\" style=\"\n    width: 100%;\n\"><\/a><\/div>\n<div class=\"content\">\n<h2><a href=\"\/products\/ailsas-vent-hair-brush\">Ailsas Vent Hair Brush | Detangling & Styling ...<\/a><\/h2>\n<p><a href=\"\/products\/ailsas-vent-hair-brush\">£10.00 GBP<\/a><\/p>\n<\/div>\n<\/li>\n\n<li style=\"margin-left: 0;\">\n<div class=\" img\" style=\"width: 40%; overflow: hidden;float: left;\">\n<a href=\"\/products\/wig-band\">\n<img src=\"https:\/\/cdn.shopify.com\/s\/files\/1\/0661\/1933\/6190\/files\/Wig_Band.png?v=1745310135\" style=\"\n    width: 100%;\n\"><\/a><\/div>\n<div class=\"content\">\n<h2><a href=\"\/products\/wig-band\">Ailsas Wig Band, Wig \nBand for Melting Lace<\/a><\/h2>\n<p><a href=\"\/products\/wig-band\">£10.00 GBP<\/a><\/p>\n<\/div>\n<\/li>\n\n<li>\n<div class=\" img\" style=\"width: 40%; overflow: hidden;float: left;\">\n<a href=\"\/products\/ailsas-pink-satin-gift-bag\">\n<img src=\"https:\/\/cdn.shopify.com\/s\/files\/1\/0661\/1933\/6190\/files\/Pink_Satin_Gift_Bag.png?v=1745310134\" style=\"\n    width: 100%;\n\"><\/a><\/div>\n<div class=\"content\">\n<h2><a href=\"\/products\/ailsas-pink-satin-gift-bag\">Ailsas Pink Satin Gift Bag| 25x35cm Drawstring ...<\/a><\/h2>\n<p><a href=\"\/products\/ailsas-pink-satin-gift-bag\">£10.00 GBP<\/a><\/p>\n<\/div>\n<\/li>\n\n<li>\n<div class=\" img\" style=\"width: 40%; overflow: hidden;float: left;\">\n<a href=\"\/products\/2pcs-hd-wig-cap\">\n<img src=\"https:\/\/cdn.shopify.com\/s\/files\/1\/0661\/1933\/6190\/files\/Wig_Cap.png?v=1745310135\" style=\"\n    width: 100%;\n\"><\/a><\/div>\n<div class=\"content\">\n<h2><a href=\"\/products\/2pcs-hd-wig-cap\">2Pcs HD Wig Cap｜\nSecure Fit & Scalp ...<\/a><\/h2>\n<p><a href=\"\/products\/2pcs-hd-wig-cap\">£8.00 GBP<\/a><\/p>\n<\/div>\n<\/li>\n<\/ul>\n<\/div>\n<\/div>","color_scheme":"scheme-daa82468-327f-4b40-abdd-4de5131af6e2","padding_top":32,"padding_bottom":0}},"custom_liquid_f4x4Fh":{"type":"custom-liquid","custom_css":["@media screen and (min-width: 768px) {.Gift_Bags_app {display: none; }}",".Gift_Bags {width: 100%; margin: 0 auto; margin-top: -2rem;}",".discount {width: 100%; margin: 0 auto;}",".gift li {float: left; width: 49%; margin-right: 1%;}",".content {width: 60%; float: right;}",".content h2 {font-size: 1.3rem; text-align: left; padding-left: 0.4rem;}",".content p {text-align: left; padding-left: 0.4rem; color: #d80000; font-size: 1.3rem;}","a {text-decoration: none; color: inherit;}","dl,dt,dd {margin: 0; padding: 0;}","ul,ol,p,h2 {list-style-type: none; padding: 0; margin: 0;}"],"settings":{"custom_liquid":"<div class=\"Gift_Bags Gift_Bags_app \">\n<div  class=\"discount\">\n<img src=\"https:\/\/cdn.shopify.com\/s\/files\/1\/0661\/1933\/6190\/files\/app_Coupons_10.png?v=1745317590\" style=\"\n    width: 100%;\n\">\n<\/div>\n<div  class=\"gift\" style=\"background: #fff;\n  width: 96%;margin: 0 auto;\n  border-radius: 1rem;\n  text-align: center;   padding-top: 1rem;overflow: hidden;\">\n<h2>Buy Wigs · and Receive a Free Gift!<\/h2>\n<div class=\"rule\" style=\"background: #a15ea4;width: 96%;height: 50px;margin: auto;margin-top: 1rem;\">\n<dl style=\"display: inline-flex;float: left;padding:0.8rem 0.2rem;\">\n<dt style=\"width: 26px;height: 26px;background: #ffeec9;border-radius: 60px; color: #000;font-size: 1.4rem;line-height: 30px;\">1<\/dt><dd style=\"height: 30px;color: #fff;line-height: 30px;padding-left: 0.5rem;font-size: 1rem;\">Click to view gift details.<div> <\/dd><\/dl>\n<dl  style=\"display: inline-flex;padding:0.8rem 0.2rem;\">\n<dt style=\"width: 26px;height: 26px;background: #ffeec9;border-radius: 60px; color: #000;font-size: 1.4rem;line-height: 30px;\">2<\/dt>\n<dd style=\"height: 30px;color: #fff;line-height: 30px;font-size: 1.1rem;padding-left: 0.5rem;\">Add gifts on product page.<\/dd> <\/dl>\n<\/div>\n<ul    style=\"margin: 0 auto;width: 96%; margin-top: 2rem;  \">\n<li>\n<div class=\" img\" style=\"width: 40%; overflow: hidden;float: left;\">\n<a href=\"\/products\/ailsas-shopping-bag\">\n<img src=\"https:\/\/cdn.shopify.com\/s\/files\/1\/0661\/1933\/6190\/files\/Shopping_Bag.png?v=1745307586\" style=\"\n    width: 100%;\n\"><\/a><\/div>\n<div class=\"content\">\n<h2><a href=\"\/products\/ailsas-shopping-bag\">Ailsas Shopping ...<\/a><\/h2>\n<p><a href=\"\/products\/ailsas-shopping-bag\">£19.00 GBP<\/a><\/p>\n<\/div>\n<\/li>\n\n<li>\n<div class=\" img\" style=\"width: 40%; overflow: hidden;float: left;\">\n<a href=\"\/products\/ailsas-hair-jewelry\">\n<img src=\"https:\/\/cdn.shopify.com\/s\/files\/1\/0661\/1933\/6190\/files\/Hair_Accessories.png?v=1745310135\" style=\"\n    width: 100%;\n\"><\/a><\/div>\n<div class=\"content\">\n<h2><a href=\"\/products\/ailsas-hair-jewelry\">Ailsas Hair Acces...<\/a><\/h2>\n<p><a href=\"\/products\/ailsas-hair-jewelry\">£12.00 GBP<\/a><\/p>\n<\/div>\n<\/li>\n\n<li>\n<div class=\" img\" style=\"width: 40%; overflow: hidden;float: left;\">\n<a href=\"\/products\/ailsas-vent-hair-brush\">\n<img src=\"https:\/\/cdn.shopify.com\/s\/files\/1\/0661\/1933\/6190\/files\/Vent_Hair_Brush.png?v=1745310135\" style=\"\n    width: 100%;\n\"><\/a><\/div>\n<div class=\"content\">\n<h2><a href=\"\/products\/ailsas-vent-hair-brush\">Ailsas Vent Hair Brush...<\/a><\/h2>\n<p><a href=\"\/products\/ailsas-vent-hair-brush\">£10.00 GBP<\/a><\/p>\n<\/div>\n<\/li>\n\n<li style=\"margin-left: 0;\">\n<div class=\" img\" style=\"width: 40%; overflow: hidden;float: left;\">\n<a href=\"\/products\/wig-band\">\n<img src=\"https:\/\/cdn.shopify.com\/s\/files\/1\/0661\/1933\/6190\/files\/Wig_Band.png?v=1745310135\" style=\"\n    width: 100%;\n\"><\/a><\/div>\n<div class=\"content\">\n<h2><a href=\"\/products\/wig-band\">Ailsas Wig Band, Wig....<\/a><\/h2>\n<p><a href=\"\/products\/wig-band\">£10.00 GBP<\/a><\/p>\n<\/div>\n<\/li>\n\n<li>\n<div class=\" img\" style=\"width: 40%; overflow: hidden;float: left;\">\n<a href=\"\/products\/ailsas-pink-satin-gift-bag\">\n<img src=\"https:\/\/cdn.shopify.com\/s\/files\/1\/0661\/1933\/6190\/files\/Pink_Satin_Gift_Bag.png?v=1745310134\" style=\"\n    width: 100%;\n\"><\/a><\/div>\n<div class=\"content\">\n<h2><a href=\"\/products\/ailsas-pink-satin-gift-bag\">Ailsas Pink Satin...<\/a><\/h2>\n<p><a href=\"\/products\/ailsas-pink-satin-gift-bag\">£10.00 GBP<\/a><\/p>\n<\/div>\n<\/li>\n\n<li>\n<div class=\" img\" style=\"width: 40%; overflow: hidden;float: left;\">\n<a href=\"\/products\/2pcs-hd-wig-cap\">\n<img src=\"https:\/\/cdn.shopify.com\/s\/files\/1\/0661\/1933\/6190\/files\/Wig_Cap.png?v=1745310135\" style=\"\n    width: 100%;\n\"><\/a><\/div>\n<div class=\"content\">\n<h2><a href=\"\/products\/2pcs-hd-wig-cap\">2Pcs HD Wig Cap\n...<\/a><\/h2>\n<p><a href=\"\/products\/2pcs-hd-wig-cap\">£8.00 GBP<\/a><\/p>\n<\/div>\n<\/li>\n<\/ul>\n<\/div>\n<\/div>","color_scheme":"scheme-daa82468-327f-4b40-abdd-4de5131af6e2","padding_top":32,"padding_bottom":0}},"rich_text_wfmB8V":{"type":"rich-text","blocks":{"heading_Wb8PCm":{"type":"heading","settings":{"heading":"Trending wig styles","heading_size":"h1"}}},"block_order":["heading_Wb8PCm"],"custom_css":[".rich-text__heading {color: #fff;}"],"name":"t:sections.rich-text.presets.name","settings":{"desktop_content_position":"center","content_alignment":"center","color_scheme":"scheme-daa82468-327f-4b40-abdd-4de5131af6e2","full_width":true,"padding_top":20,"padding_bottom":0}},"featured_collection_qpxE7d":{"type":"featured-collection","settings":{"title":"","heading_size":"h1","description":"","show_description":false,"description_style":"body","collection":"all-wigs","products_to_show":4,"columns_desktop":4,"full_width":false,"show_view_all":false,"view_all_style":"solid","enable_desktop_slider":false,"color_scheme":"scheme-daa82468-327f-4b40-abdd-4de5131af6e2","image_ratio":"adapt","image_shape":"default","show_secondary_image":false,"show_vendor":false,"show_rating":false,"quick_add":"none","columns_mobile":"2","swipe_on_mobile":false,"padding_top":4,"padding_bottom":36}},"rich_text_MwGBUr":{"type":"rich-text","blocks":{"heading_fUDeAa":{"type":"heading","settings":{"heading":"Need more hair wig styles?","heading_size":"h1"}},"text_hEe9jd":{"type":"text","settings":{"text":"<p>All right, let's go! First 50 customers receive a complimentary<\/p><p><\/p>"}}},"block_order":["heading_fUDeAa","text_hEe9jd"],"name":"t:sections.rich-text.presets.name","settings":{"desktop_content_position":"center","content_alignment":"center","color_scheme":"scheme-c4493a51-ba25-4371-b18d-42588b14f604","full_width":true,"padding_top":20,"padding_bottom":0}},"custom_liquid_CNV9ft":{"type":"custom-liquid","custom_css":[".Gift_quantity {width: 1440px; height: 60px; background: #000; margin: auto; text-align: center; border-radius: 1rem 1rem 0 0;}","dl {display: inline-flex; width: 40%; padding: 0.8rem 0 !important;}","dl dt {width: 40px; height: 40px; background: #ffeec9; border-radius: 60px; color: #000; font-size: 24px;}","dl dd {height: 40px; color: #acacac; line-height: 40px; padding-left: 1rem;}","dl.tou {width: 50%;}","@media screen and (max-width: 767px) {.Gift_app {display: none; }}","dl,dt,dd {margin: 0; padding: 0;}"],"settings":{"custom_liquid":"<div class=\"Gift_quantity Gift_pc Gift_app\">\n<dl><dt>1<\/dt><dd>Get ￡10 Coupon<div> <\/dd><\/dl>\n<dl class=\"tou\"><dt>2<\/dt><dd>All right, let's go! First 50 customers receive a complimentary<\/dd> <\/dl>\n<\/div>","color_scheme":"scheme-daa82468-327f-4b40-abdd-4de5131af6e2","padding_top":40,"padding_bottom":0}},"featured_collection_JbDkxp":{"type":"featured-collection","custom_css":[".card__content {padding: 1rem;}",".grid__item {background: #fff; overflow: hidden;}",".card__heading {font-size: 1.4rem;}",".contains-card {background: #fff; padding: 1rem;}",".card__heading {display: -webkit-box; -webkit-line-clamp: 2; -webkit-box-orient: vertical; overflow: hidden; text-overflow: ellipsis;}",".card__information {padding: 0;}"],"settings":{"title":"","heading_size":"h1","description":"","show_description":false,"description_style":"body","collection":"new-in","products_to_show":12,"columns_desktop":4,"full_width":false,"show_view_all":false,"view_all_style":"solid","enable_desktop_slider":false,"color_scheme":"scheme-daa82468-327f-4b40-abdd-4de5131af6e2","image_ratio":"adapt","image_shape":"default","show_secondary_image":false,"show_vendor":false,"show_rating":false,"quick_add":"none","columns_mobile":"2","swipe_on_mobile":false,"padding_top":0,"padding_bottom":20}},"custom_liquid_Vcneb3":{"type":"custom-liquid","custom_css":[".Gift_quantity {width: 1440px; height: 60px; background: #000; margin: auto; text-align: center; border-radius: 1rem 1rem 0 0;}","dl {display: inline-flex; width: 40%; padding: 0.8rem 0 !important;}","dl dt {width: 40px; height: 40px; background: #ffeec9; border-radius: 60px; color: #000; font-size: 24px;}","dl dd {height: 40px; color: #acacac; line-height: 40px; padding-left: 1rem;}","dl.tou {width: 50%;}","@media screen and (max-width: 767px) {.Gift_app {display: none; }}","dl,dt,dd {margin: 0; padding: 0;}"],"settings":{"custom_liquid":"<div class=\"Gift_quantity Gift_pc Gift_app\">\n<dl><dt>1<\/dt><dd>Get ￡10 Coupon<div> <\/dd><\/dl>\n<dl class=\"tou\"><dt>2<\/dt><dd>All right, let's go! First 50 customers receive a complimentary<\/dd> <\/dl>\n<\/div>","color_scheme":"scheme-daa82468-327f-4b40-abdd-4de5131af6e2","padding_top":0,"padding_bottom":0}},"featured_collection_P7fTWQ":{"type":"featured-collection","custom_css":[".card__content {padding: 1rem;}",".grid__item {background: #fff; overflow: hidden;}",".card__heading {font-size: 1.4rem;}",".contains-card {background: #fff; padding: 1rem;}",".card__heading {display: -webkit-box; -webkit-line-clamp: 2; -webkit-box-orient: vertical; overflow: hidden; text-overflow: ellipsis;}",".card__information {padding: 0;}"],"settings":{"title":"","heading_size":"h1","description":"","show_description":false,"description_style":"body","collection":"ombre-highlighted-wigs","products_to_show":12,"columns_desktop":4,"full_width":false,"show_view_all":false,"view_all_style":"solid","enable_desktop_slider":false,"color_scheme":"scheme-daa82468-327f-4b40-abdd-4de5131af6e2","image_ratio":"adapt","image_shape":"default","show_secondary_image":false,"show_vendor":false,"show_rating":false,"quick_add":"none","columns_mobile":"2","swipe_on_mobile":false,"padding_top":0,"padding_bottom":40}},"main":{"type":"main-page","disabled":true,"custom_css":["h2.title.inline-richtext.h1.scroll-trigger.animate--slide-in {text-align: center;}"],"settings":{"padding_top":28,"padding_bottom":28}},"newsletter_gGhhgW":{"type":"newsletter","blocks":{"paragraph_HyV9JK":{"type":"paragraph","settings":{"text":"<p>Sign up for exclusive discounts and stay in the know<\/p>"}},"email_form_dKN6Kk":{"type":"email_form","settings":{}}},"block_order":["paragraph_HyV9JK","email_form_dKN6Kk"],"settings":{"color_scheme":"scheme-4","full_width":true,"padding_top":40,"padding_bottom":52}}},"order":["image_banner_eLHitC","image_banner_rTzxND","slideshow_8jUHfp","slideshow_Q6CqGk","custom_liquid_rfkeeB","custom_liquid_EgHhDN","custom_liquid_9mY3MU","custom_liquid_QbDFnx","custom_liquid_TbHkFc","custom_liquid_f4x4Fh","rich_text_wfmB8V","featured_collection_qpxE7d","rich_text_MwGBUr","custom_liquid_CNV9ft","featured_collection_JbDkxp","custom_liquid_Vcneb3","featured_collection_P7fTWQ","main","newsletter_gGhhgW"]}