{"sections":{"rich_text_UJGjhi":{"type":"rich-text","blocks":{"heading_fFi7FB":{"type":"heading","settings":{"heading":"Return And Exchange Policy","heading_size":"h0"}},"text_eAgKNd":{"type":"text","disabled":true,"settings":{"text":"<p>Share information about your brand with your customers. Describe a product, make announcements, or welcome customers to your store.<\/p>"}}},"block_order":["heading_fFi7FB","text_eAgKNd"],"custom_css":["h2.rich-text__heading {text-transform: uppercase;}",".color-scheme-4 {padding-top: 80px !important; padding-bottom: 80px !important; background-image: none !important; background-color: #ad8b70 !important;}"],"settings":{"desktop_content_position":"center","content_alignment":"center","color_scheme":"scheme-4","full_width":true,"padding_top":40,"padding_bottom":52}},"rich_text_HaQ6AP":{"type":"rich-text","blocks":{"heading_BRRVpc":{"type":"heading","settings":{"heading":"","heading_size":"h0"}},"text_bKqrBN":{"type":"text","settings":{"text":"<p>At  Ailsa's, we believe that everyone deserves to look and feel their best, and we are dedicated to providing you with the best possible hair experience. If you have any problems with your purchase, please feel free to contact us at 【<strong>hello@ailsas.com】<\/strong>. We will make it our priority to respond to customer inquiries within 2 working days.<\/p>"}}},"block_order":["heading_BRRVpc","text_bKqrBN"],"custom_css":["@media screen and (min-width: 990px) {.rich-text__blocks {max-width: 90%; }}"],"settings":{"desktop_content_position":"center","content_alignment":"center","color_scheme":"scheme-1","full_width":true,"padding_top":0,"padding_bottom":0}},"multirow_g7eRQC":{"type":"multirow","blocks":{"row_Pra4Rw":{"type":"row","settings":{"image":"shopify:\/\/shop_images\/RETURN-AND-EXCHANGE-POLICY-2.jpg","caption":"","heading":"Order Cancellation","text":"<p>If you wish to cancel your order, please reach out to our Customer Care team within one hour of placing the order.<strong> <\/strong><a href=\"\/pages\/contact-us-1\" title=\"Contact Us\"><strong>CANCEL MY ORDER.<\/strong><\/a><\/p><p>Please note that we are not able to process cancellation once the order has been shipped.<\/p>","button_label":"","button_link":""}},"row_FKKUgN":{"type":"row","settings":{"image":"shopify:\/\/shop_images\/RETURN-AND-EXCHANGE-POLICY-1.jpg","caption":"","heading":"Order Returns","text":"<p>We are happy to accommodate exchanges and returns for unused wigs within 30 days of purchase. To be eligible for a return or exchange, the wig must be in its original condition, with the hair uncut, unbleached, the color must be unchanged, and the lace must remain untouched (without any cutting or trimming).<a href=\"\/pages\/contact-us\" title=\"Contact Us\"><strong>NEED TO RETURN.<\/strong><\/a><\/p><p><strong>Please note that wigs are personal items that come into direct contact with the scalp. For reasons of hygiene and customer safety, we are unable to accept returns of any wigs that have been worn or used.If you wish to return an eligible item, please contact our customer service team in advance to obtain the correct return address. Unauthorised returns will not be accepted and will not qualify for a refund.<\/strong><\/p>","button_label":"","button_link":""}}},"block_order":["row_Pra4Rw","row_FKKUgN"],"settings":{"image_height":"medium","desktop_image_width":"medium","heading_size":"h1","text_style":"body","button_style":"secondary","desktop_content_position":"middle","desktop_content_alignment":"left","image_layout":"alternate-left","section_color_scheme":"","row_color_scheme":"","mobile_content_alignment":"left","padding_top":36,"padding_bottom":36}},"multicolumn_AqnTpm":{"type":"multicolumn","blocks":{"column_XwHdLC":{"type":"column","settings":{"title":"Return Initiate","text":"<p>Contact our Customer Care team within 30 days of receiving your order to initiate the return. Providing additional details such as the reasons for returning and any relevant pictures will allow us to accept and process your return!<\/p>","link_label":"","link":""}},"column_HHBxkR":{"type":"column","settings":{"title":"request is approved.","text":"<p>Our representative will provide the return address after your return request is approved.<\/p>","link_label":"","link":""}},"column_HAdaz7":{"type":"column","settings":{"title":"Refund Require","text":"<p>We will process your refund within 3~10 working days after we have received and inspected your returned item. Refunds will be issued to the original payment method used for the purchase. <\/p>","link_label":"","link":""}}},"block_order":["column_XwHdLC","column_HHBxkR","column_HAdaz7"],"custom_css":[".button {background-color: #000;}"],"settings":{"title":"Return Steps","heading_size":"h1","image_width":"full","image_ratio":"adapt","columns_desktop":3,"column_alignment":"left","background_style":"primary","button_label":"","button_link":"","color_scheme":"scheme-1","columns_mobile":"1","swipe_on_mobile":false,"padding_top":36,"padding_bottom":36}},"multirow_FmfxCz":{"type":"multirow","blocks":{"row_MwKiN6":{"type":"row","settings":{"image":"shopify:\/\/shop_images\/RETURN-AND-EXCHANGE-POLICY-4.jpg","caption":"","heading":"Order Exchanges","text":"<p>If you would like to exchange your item for a different item, please follow the same return process as described above. Our representative will confirm the product you would like to exchange for and assist you with any necessary payment adjustments after your exchange request is approved. Once we receive your returned item, we will process the exchanges and ship the new item to you within 5 working days.<br\/><br\/>Please note that for <a href=\"\/pages\/contact-us\" title=\"Contact Us\"><strong>exchanges<\/strong><\/a>, we will cover all shipping costs associated with the return and reshipment.<\/p>","button_label":"","button_link":""}},"row_UfRTPA":{"type":"row","settings":{"image":"shopify:\/\/shop_images\/RETURN-AND-EXCHANGE-POLICY-3.jpg","caption":"","heading":"Refund Processing Time","text":"<p>Refunds are typically processed within 3 to 10 business days, but please allow up to 10 business days as per our policy.<\/p><p>*Refunds will be issued through the original payment channel. If the card used for the purchase has expired or is no longer valid, please contact the card issuer for assistance.<\/p>","button_label":"","button_link":""}}},"block_order":["row_MwKiN6","row_UfRTPA"],"settings":{"image_height":"medium","desktop_image_width":"medium","heading_size":"h1","text_style":"body","button_style":"secondary","desktop_content_position":"middle","desktop_content_alignment":"left","image_layout":"alternate-left","section_color_scheme":"","row_color_scheme":"","mobile_content_alignment":"left","padding_top":36,"padding_bottom":36}},"main":{"type":"main-page","disabled":true,"settings":{"padding_top":28,"padding_bottom":28}},"newsletter_gGhhgW":{"type":"newsletter","blocks":{"paragraph_HyV9JK":{"type":"paragraph","settings":{"text":"<p>Sign up for exclusive discounts and stay in the know<\/p>"}},"email_form_dKN6Kk":{"type":"email_form","settings":{}}},"block_order":["paragraph_HyV9JK","email_form_dKN6Kk"],"settings":{"color_scheme":"scheme-4","full_width":true,"padding_top":40,"padding_bottom":52}}},"order":["rich_text_UJGjhi","rich_text_HaQ6AP","multirow_g7eRQC","multicolumn_AqnTpm","multirow_FmfxCz","main","newsletter_gGhhgW"]}