{"sections":{"rich_text_Fqk4nK":{"type":"rich-text","blocks":{"heading_j8hATg":{"type":"heading","settings":{"heading":"Shipping policy","heading_size":"hxl"}}},"block_order":["heading_j8hATg"],"custom_css":["h2.rich-text__heading {text-transform: uppercase;}",".color-scheme-4 {padding-top: 80px !important; padding-bottom: 80px !important; background-image: none !important; background-color: #ad8b70 !important;}"],"settings":{"desktop_content_position":"center","content_alignment":"center","color_scheme":"scheme-4","full_width":true,"padding_top":40,"padding_bottom":52}},"collapsible_content_czRABR":{"type":"collapsible-content","settings":{"caption":"","heading":"Shipping Information","heading_size":"h1","heading_alignment":"center","layout":"none","color_scheme":"","container_color_scheme":"","open_first_collapsible_row":false,"image_ratio":"adapt","desktop_layout":"image_second","padding_top":36,"padding_bottom":0}},"image_with_text_HQ9qgY":{"type":"image-with-text","blocks":{"heading_6pczAe":{"type":"heading","disabled":true,"settings":{"heading":"","heading_size":"h1"}},"text_aypNtL":{"type":"text","settings":{"text":"<h2>Shipping Information:<\/h2><ul><li>Order Cutoff Time: 13:00 (London, UK time)<\/li><li>Order Processing Time: 0-2 business days (Monday-Friday)<\/li><li>Shipping Time: 1-3 business days<\/li><li>Total Delivery Time: 1-5 business days<br\/>We offer UK-Wide Free Shipping with fast delivery!<\/li><\/ul><h2>Additional Shipping Options<\/h2><ul><li>Royal Mail:UK-Wide Free Shipping  (1-3 business days)<\/li><\/ul><p><strong>Precautions:<\/strong><\/p><p>*Orders for weekends or holidays will be processed on the next business day.<\/p>","text_style":"body"}}},"block_order":["heading_6pczAe","text_aypNtL"],"custom_css":[".image-with-text__text p,.rte li {font-size: 1.4rem;}",".image-with-text__content {padding: 2rem 0rem;}",".image-with-text__media-item--medium.image-with-text__media-item--top.grid__item {width: 30%; padding-right: 10%;}",".image-with-text__text-item.grid__item {width: 50%; padding: 0 5%;}","@media screen and (max-width: 767px) {.image-with-text__media-item--medium.image-with-text__media-item--top.grid__item {width: 80%; height: auto; padding: 0; }}"],"settings":{"image":"shopify:\/\/shop_images\/5D651A75-D7EF-4e18-919B-9C1BD5D694B4.png","height":"adapt","desktop_image_width":"medium","layout":"image_first","desktop_content_position":"top","desktop_content_alignment":"left","content_layout":"no-overlap","section_color_scheme":"","color_scheme":"","image_behavior":"none","mobile_content_alignment":"left","padding_top":0,"padding_bottom":36}},"collapsible_content_k8ULzT":{"type":"collapsible-content","blocks":{"collapsible_row_FdKxjU":{"type":"collapsible_row","settings":{"heading":"Standard Shipping Policy & Order Processing","icon":"check_mark","row_content":"<p>Order Processing & Shipping Policy<br\/><br\/>Order Cutoff Time: 13:00 (London, UK time).<br\/><br\/>Processing Time: Orders will be processed and shipped within 0-48 hours (2 days) after payment. Orders placed after the cutoff time will be processed the next business day.<br\/><br\/>Business Days: We process and ship orders from Monday to Friday, excluding weekends and holidays. Please note that processing times are not included in delivery times, so kindly plan your orders accordingly.<br\/><br\/>Once your order is shipped, you will receive a confirmation email with a tracking link. Delivery typically takes 1-3 working days, depending on your location.<br\/><br\/>We recommend using a physical address for delivery to ensure successful tracking and accurate delivery.<br\/><br\/>We offer FREE Standard Shipping for qualifying orders in the UK and provide multiple shipping options to meet your timing needs.<br\/>Important: For cardholder protection, we reserve the right to ship orders to the billing address if a different shipping address cannot be verified.<\/p>","page":""}},"collapsible_row_bQhrUT":{"type":"collapsible_row","settings":{"heading":"Shipping Options","icon":"check_mark","row_content":"<p><\/p><p>Delivery method:<br\/>· Royal Mail<br\/><br\/>We will select courier service providers for delivery according to the actual situation. The products you purchased will only be sent by the above-mentioned courier companies, and you cannot choose independently when purchasing.<\/p>","page":""}},"collapsible_row_VtwHm7":{"type":"collapsible_row","settings":{"heading":"Exchange Policy","icon":"check_mark","row_content":"<p><\/p><p>Your satisfaction is our goal. We accept returns on all eligible products within 30 days from the date the order is shipped. Please see our<a href=\"https:\/\/www.ailsas.com\/pages\/return-and-exchange-policy\" title=\"Return And Exchange Policy\"><strong>Return<\/strong><\/a>Policy for our eligible product standards. <\/p><p><br\/><br\/><\/p>","page":""}},"collapsible_row_8jGc4L":{"type":"collapsible_row","settings":{"heading":"Additional Shipping","icon":"check_mark","row_content":"<p><\/p><p>If a parcel is returned to Ailsas.com due to incorrect address information provided by the customer, or if the customer refuses to accept delivery without informing us in advance, a £5 handling fee will apply.  <br\/><br\/>This fee is separate from our standard return policy, where return shipping is fully covered for eligible returns and exchanges.<br\/><br\/><\/p>","page":""}},"collapsible_row_AzrGPg":{"type":"collapsible_row","settings":{"heading":"Shipping Delays","icon":"check_mark","row_content":"<p><br\/>While we strive to ensure timely delivery, shipping delays may occur due to circumstances beyond our reasonable control, such as severe weather, natural disasters, or unforeseen carrier disruptions. Please note that weekends and public holidays are not considered business days and may affect delivery timelines.<br\/><br\/>In accordance with UK consumer protection law, we bear the risk of loss or damage until your order is delivered to you or to a person you have authorised to receive it. If your package is significantly delayed, lost, or stolen before delivery, please contact us at hello@ailsas.com and we will work with the carrier to resolve the issue or offer a suitable resolution.<br\/><br\/>If a delay or delivery failure occurs due to incomplete or incorrect shipping information provided by the customer, or if the delivery is refused without prior notice, a £5 handling fee will apply. This fee is separate from our standard return policy, where return shipping is fully covered for eligible returns and exchanges.<br\/><br\/>To check for weather-related carrier delays, you may visit the Service Alerts pages of Royal Mail.<br\/><\/p>","page":""}},"collapsible_row_nFtQMb":{"type":"collapsible_row","settings":{"heading":"Order Address Issues","icon":"check_mark","row_content":"<p><br\/>Customers are responsible for providing accurate billing and shipping information at checkout. If the information is incorrect, please contact us at hello@ailsas.com as soon as possible. While we will make every effort to accommodate address changes before dispatch, we cannot guarantee that changes can be made after the order is processed.<br\/><br\/>If a parcel is returned to our warehouse due to an incorrect or undeliverable address provided by the customer, you will be responsible for any additional shipping costs required for re-delivery. If you choose not to have the item re-shipped, a refund for the product value will be processed, minus the original shipping charges and a £5 handling fee as outlined in Section 4.<br\/><br\/>If your order has already been shipped, it cannot be cancelled in transit. You may still return the item after delivery by following our Return Policy.<br\/><\/p>","page":""}},"collapsible_row_dwJWw8":{"type":"collapsible_row","settings":{"heading":"Parcel Tracking","icon":"check_mark","row_content":"<p><br\/>You will receive your order tracking number via email once your package has been shipped. Please note that tracking information may take several hours to update.<br\/><br\/>If you experience issues with tracking or delivery, we recommend checking with the courier first for the latest status. However, please also contact us directly at hello@ailsas.com. As the retailer, we are responsible for ensuring your order is delivered safely. We will assist in resolving any issues with the courier.<br\/><br\/>If you have experienced package theft in the past, we suggest using a secure delivery location, such as your workplace or an address with someone available to receive the package.<br\/><\/p>","page":""}},"collapsible_row_NMHn6b":{"type":"collapsible_row","settings":{"heading":"Delivery Precautions & Lost Parcels","icon":"check_mark","row_content":"<p><br\/>Orders placed on weekends or public holidays will be processed on the next working day.<br\/><br\/>Please note that special delivery instructions entered during checkout (e.g. “leave at back door”) may not be visible on shipping labels. For such instructions, please liaise directly with your local delivery office.<br\/><br\/>While we strive to ensure timely and accurate deliveries, we are not liable for delays caused by weather, carrier disruption, or other external factors beyond our reasonable control. However, we remain responsible for your order until it is delivered to you or a person you authorised.<br\/><br\/>If your tracking indicates that a package has been delivered but you have not received it, please check with neighbours or your local delivery office. Then, contact us at hello@ailsas.com. We will open an investigation with the courier. While we rely on the courier’s confirmation, we will work with you in good faith to resolve lost or misdelivered items. In some cases, we may request your assistance in providing information or filing a police report.<br\/><\/p>","page":""}},"collapsible_row_P7FHi9":{"type":"collapsible_row","settings":{"heading":"Customs &Taxes","icon":"check_mark","row_content":"<p><\/p><p>All product prices displayed on Ailsas.com are inclusive of VAT for UK customers.  <br\/>No additional taxes will be added at checkout.  <br\/>For international customers, any applicable import duties or taxes upon arrival are the sole responsibility of the customer, based on their local laws.<\/p>","page":""}}},"block_order":["collapsible_row_FdKxjU","collapsible_row_bQhrUT","collapsible_row_VtwHm7","collapsible_row_8jGc4L","collapsible_row_AzrGPg","collapsible_row_nFtQMb","collapsible_row_dwJWw8","collapsible_row_NMHn6b","collapsible_row_P7FHi9"],"custom_css":[".color-scheme-1 .collapsible-content-wrapper-narrow {max-width: 70%;}","@media screen and (max-width: 767px) {.color-scheme-1 .collapsible-content-wrapper-narrow {max-width: 100%; }}",".accordion__title {font-size: 1.8rem;}",".accordion__content {padding-top: 1.2rem;}",".accordion__content p {font-size: 1.4rem;}"],"settings":{"caption":"","heading":"SHIPPING FAQS","heading_size":"h1","heading_alignment":"center","layout":"none","color_scheme":"","container_color_scheme":"","open_first_collapsible_row":false,"image_ratio":"adapt","desktop_layout":"image_second","padding_top":36,"padding_bottom":36}},"main":{"type":"main-page","disabled":true,"settings":{"padding_top":28,"padding_bottom":28}},"newsletter_gGhhgW":{"type":"newsletter","blocks":{"paragraph_HyV9JK":{"type":"paragraph","settings":{"text":"<p>Sign up for exclusive discounts and stay in the know<\/p>"}},"email_form_dKN6Kk":{"type":"email_form","settings":{}}},"block_order":["paragraph_HyV9JK","email_form_dKN6Kk"],"settings":{"color_scheme":"scheme-4","full_width":true,"padding_top":40,"padding_bottom":52}}},"order":["rich_text_Fqk4nK","collapsible_content_czRABR","image_with_text_HQ9qgY","collapsible_content_k8ULzT","main","newsletter_gGhhgW"]}