{"sections":{"main":{"type":"main-product","blocks":{"vendor":{"type":"text","settings":{"text":"{{ product.vendor }}","text_style":"uppercase"}},"title":{"type":"title","settings":{}},"share":{"type":"share","disabled":true,"settings":{"share_label":"Share"}},"caption":{"type":"text","settings":{"text":"{{ product.metafields.descriptors.subtitle.value }}","text_style":"subtitle"}},"air_product_reviews_app_summary_block_rQxPT3":{"type":"shopify:\/\/apps\/air-product-reviews\/blocks\/app-summary-block\/c4e1e9ca-4d46-4e76-bc39-7e42417cb327","settings":{}},"klarna_on_site_messaging_app_block_nyMMAP":{"type":"shopify:\/\/apps\/klarna-on-site-messaging\/blocks\/app-block\/b95936a9-74b6-4a95-8103-6a1b6459c25e","settings":{"data_key":"credit-promotion-badge","theme":"custom","topPadding":"0","bottomPadding":"0","messagePrefix":""}},"price":{"type":"price","settings":{}},"sku_H4gYJf":{"type":"sku","settings":{"text_style":"body"}},"variant_picker":{"type":"variant_picker","settings":{"picker_type":"button","swatch_shape":"circle"}},"quantity_selector":{"type":"quantity_selector","settings":{}},"icon_with_text_Fjaiy8":{"type":"icon-with-text","settings":{"layout":"vertical","icon_1":"truck","heading_1":"Ships in 1-2 Business Days!","icon_2":"none","heading_2":"","icon_3":"none","heading_3":""}},"virtue_charity_donations_cart_donations_gGrLQe":{"type":"shopify:\/\/apps\/virtue-charity-donations\/blocks\/cart-donations\/79182888-a717-4890-a7d5-e2f1b496a399","settings":{"virtue_theme":"custom","collapsable_widget":"off","text_color":"#1d1d1d","background_color":"#ffffff","accent_color":"#3a21ce","banner_size":"small","border":"off","border_radius":0,"drop_shadow":0,"row_padding":0,"tagline":"","calculate_percentage":"percentage"}},"custom_liquid_UWcLTi":{"type":"custom_liquid","disabled":true,"settings":{"custom_liquid":"<div style=\"width:100%;margin: 0.1rem 0;\">\n<img src=\"https:\/\/cdn.shopify.com\/s\/files\/1\/0661\/1933\/6190\/files\/product-image.jpg?v=1744714850\" \n     alt=\"image\"\n     width=\"100%\"\n     height=\"auto\">\n<\/div>"}},"buy_buttons":{"type":"buy_buttons","settings":{"show_dynamic_checkout":true,"show_gift_card_recipient":true}},"custom_liquid_zHVTpY":{"type":"custom_liquid","settings":{"custom_liquid":"<style>\n\t\t\t.info-section {\n\t\t\t\tfont-family: Arial, \"Microsoft YaHei\", sans-serif;\n\t\t\t\tcolor: #a15ea4;\n\t\t\t\tline-height: 1.4;\n\t\t\t}\n\t\t\t\n\t\t\t.info-block {\n\t\t\t\tmargin-bottom: 10px;\n\t\t\t}\n\t\t\t\n\t\t\t.info-title {\n\t\t\t\tfont-size: 16px;\n\t\t\t\tfont-weight: 600;\n\t\t\t\tdisplay: flex;\n\t\t\t\talign-items: center;\n\t\t\t}\n\t\t\t\n\t\t\t.info-icon-img {\n\t\t\t\twidth: 30px;\n\t\t\t\theight: 30px;\n\t\t\t\tmargin-right: 6px;\n\t\t\t\tdisplay: inline-block;\n\t\t\t}\n\t\t\t\n\t\t\t.info-arrow {\n\t\t\t\tmargin-left: 6px;\n\t\t\t\tfont-weight: bold;\n\t\t\t\tfont-size: 18px;\n\t\t\t}\n\t\t\t\n\t\t\t.info-sub {\n\t\t\t\tmargin: 4px 0 10px;\n\t\t\t\tfont-size: 14px;\n\t\t\t\tcolor: #6e2b71;\n\t\t\t}\n\t\t\t\n\t\t\t.info-tags {\n\t\t\t\tdisplay: flex;\n\t\t\t\tflex-wrap: wrap;\n\t\t\t\tmargin-top: 0.6rem;\n\t\t\t}\n\t\t\t\/* 按钮式 a 链接样式 *\/\n\t\t\t\n\t\t\t.info-tags a {\n\t\t\t\tcolor: #6e2b71 !important;\n\t\t\t\tpadding: 4px 10px;\n\t\t\t\tborder-radius: 6px;\n\t\t\t\tfont-size: 13px;\n\t\t\t\twhite-space: nowrap;\n\t\t\t\ttext-decoration: none !important;\n\t\t\t\tdisplay: inline-block;\n\t\t\t\ttransition: 0.2s;\n\t\t\t}\n\t\t\t\n\t\t<\/style>\n\n\t\t<div class=\"info-section\">\n\n\t\t\t<div class=\"info-block\">\n\t\t\t\t<div class=\"info-title\">\n\t\t\t\t\t<img src=\"https:\/\/cdn.shopify.com\/s\/files\/1\/0661\/1933\/6190\/files\/transportation.svg?v=1740034441\" class=\"info-icon-img\" alt=\"\"> Free shipping for this item\n\t\t\t\t\t<span class=\"info-arrow\">›<\/span>\n\t\t\t\t<\/div>\n\t\t\t\t<p class=\"info-sub\">Standard: FREE, <strong>Ships in 1~3 Business Days!<\/strong><\/p>\n\t\t\t<\/div>\n\n\t\t\t<div class=\"info-block\">\n\t\t\t\t<div class=\"info-title\">\n\t\t\t\t\t<img src=\"https:\/\/cdn.shopify.com\/s\/files\/1\/0661\/1933\/6190\/files\/Returns2.svg?v=1740035971\" class=\"info-icon-img\" alt=\"\"> Order guarantee\n\t\t\t\t\t<span class=\"info-arrow\">›<\/span>\n\t\t\t\t<\/div>\n\n\t\t\t\t<div class=\"info-tags\">\n\t\t\t\t\t<a href=\"\">30-Day Free Return<\/a>\n\t\t\t\t\t<a href=\"\">Fast UK Email Support<\/a>\n\t\t\t\t\t<a href=\"\">Free Replacement for Quality Issues<\/a>\n\t\t\t\t<\/div>\n\t\t\t<\/div>\n\n\t\t<\/div>"}},"custom_liquid_Rzr9gT":{"type":"custom_liquid","settings":{"custom_liquid":"<img src=\"https:\/\/cdn.shopify.com\/s\/files\/1\/0661\/1933\/6190\/files\/Receiving_Payments.jpg?v=1744451424\" \n     alt=\"image\"\n     width=\"100%\"\n     height=\"auto\" style=\"\n    margin: 0.1rem 0;\n\">"}},"description":{"type":"description","settings":{}},"air_product_reviews_app_block_review_list_rhCJV9":{"type":"shopify:\/\/apps\/air-product-reviews\/blocks\/app-block-review-list\/c4e1e9ca-4d46-4e76-bc39-7e42417cb327","settings":{"air_blockreviews_summaryHeading":"Reviews","air_blockreviews_layout":"list","air_blockreviews_singleStarColor":"#16a086","air_blockreviews_primaryColor":"#121212"}},"collapsible-row-0":{"type":"collapsible_tab","disabled":true,"settings":{"heading":"Materials","icon":"leather","content":"","page":""}},"collapsible-row-1":{"type":"collapsible_tab","disabled":true,"settings":{"heading":"Shipping & Returns","icon":"truck","content":"","page":""}},"collapsible-row-2":{"type":"collapsible_tab","disabled":true,"settings":{"heading":"Payemt","icon":"clipboard","content":"","page":""}},"collapsible_tab_XcfPVc":{"type":"collapsible_tab","disabled":true,"settings":{"heading":"Dimensions","icon":"ruler","content":"","page":""}},"collapsible-row-3":{"type":"collapsible_tab","disabled":true,"settings":{"heading":"Care Instructions","icon":"heart","content":"","page":""}}},"block_order":["vendor","title","share","caption","air_product_reviews_app_summary_block_rQxPT3","klarna_on_site_messaging_app_block_nyMMAP","price","sku_H4gYJf","variant_picker","quantity_selector","icon_with_text_Fjaiy8","virtue_charity_donations_cart_donations_gGrLQe","custom_liquid_UWcLTi","buy_buttons","custom_liquid_zHVTpY","custom_liquid_Rzr9gT","description","air_product_reviews_app_block_review_list_rhCJV9","collapsible-row-0","collapsible-row-1","collapsible-row-2","collapsible_tab_XcfPVc","collapsible-row-3"],"custom_css":[".global-media-settings {border: none;}","td {font-size: 1.2rem;}",".AirReviews-Widget.AirReviews-Blocks__LayoutCarousel,.AirReviews-Blocks__LayoutList {display: block;}",".AirReviews-Blocks__SummaryRight.desktop .AirReviews-Blocks--Actions {-webkit-justify-content: flex-start;}",".AirReviews-Blocks__LayoutList:has(.AirReviews-Blocks__Summary.desktop) .AirReviews-Blocks__List {width: 98%;}",".product__info-wrapper .quick-add-hidden p {font-size: 1.2rem;}",".quick-add-hidden {margin-top: 0.3rem;}",".product__sku {font-size: 14px;}"],"settings":{"enable_sticky_info":true,"color_scheme":"scheme-1","media_size":"medium","constrain_to_viewport":false,"media_fit":"contain","gallery_layout":"stacked","media_position":"left","image_zoom":"none","mobile_thumbnails":"hide","hide_variants":true,"enable_video_looping":false,"padding_top":12,"padding_bottom":12}},"related-products":{"type":"related-products","settings":{"heading":"You may also like","heading_size":"h2","products_to_show":8,"columns_desktop":4,"color_scheme":"scheme-1","image_ratio":"portrait","image_shape":"default","show_secondary_image":true,"show_vendor":true,"show_rating":false,"columns_mobile":"2","padding_top":36,"padding_bottom":28}},"rich_text_tJBbJz":{"type":"rich-text","blocks":{"text_jJD6x3":{"type":"text","settings":{"text":"<p>Sign up for exclusive discounts and stay in the know<\/p>"}},"button_jwHyyy":{"type":"button","settings":{"button_label":"SUBSCRIBE & SAVE!","button_link":"","button_style_secondary":true,"button_label_2":"","button_link_2":"","button_style_secondary_2":false}}},"block_order":["text_jJD6x3","button_jwHyyy"],"disabled":true,"custom_css":[".isolate .content-container {padding-top: 20px; padding-bottom: 16px;}",".rich-text__buttons {margin-top: 1.8rem;}",".isolate .button {min-height: calc(3.8rem + var(--buttons-border-width) * 2);}",".rich-text__blocks .inline-richtext {font-size: calc(var(--font-heading-scale) * 2rem);}"],"settings":{"desktop_content_position":"center","content_alignment":"center","color_scheme":"scheme-4","full_width":true,"padding_top":40,"padding_bottom":52}},"newsletter_GwGgEG":{"type":"newsletter","blocks":{"paragraph_ciUUwr":{"type":"paragraph","settings":{"text":"<p>Sign up for exclusive discounts and stay in the know<\/p>"}},"email_form_waYtTb":{"type":"email_form","settings":{}}},"block_order":["paragraph_ciUUwr","email_form_waYtTb"],"settings":{"color_scheme":"scheme-4","full_width":true,"padding_top":40,"padding_bottom":52}}},"order":["main","related-products","rich_text_tJBbJz","newsletter_GwGgEG"]}