{"current":{"logo":"shopify:\/\/shop_images\/ailsas.com.jpg","logo_width":260,"favicon":"shopify:\/\/shop_images\/social_media_ailsas.svg","type_header_font":"helvetica_n4","heading_scale":100,"type_body_font":"helvetica_n4","body_scale":120,"page_width":1300,"spacing_sections":0,"spacing_grid_horizontal":12,"spacing_grid_vertical":8,"animations_reveal_on_scroll":true,"buttons_border_thickness":1,"buttons_border_opacity":100,"buttons_radius":0,"buttons_shadow_opacity":0,"buttons_shadow_horizontal_offset":0,"buttons_shadow_vertical_offset":4,"buttons_shadow_blur":5,"variant_pills_border_thickness":1,"variant_pills_border_opacity":55,"variant_pills_radius":40,"variant_pills_shadow_opacity":0,"variant_pills_shadow_horizontal_offset":0,"variant_pills_shadow_vertical_offset":4,"variant_pills_shadow_blur":5,"inputs_border_thickness":1,"inputs_border_opacity":55,"inputs_radius":0,"inputs_shadow_opacity":0,"inputs_shadow_horizontal_offset":0,"inputs_shadow_vertical_offset":4,"inputs_shadow_blur":5,"card_style":"card","card_image_padding":0,"card_text_alignment":"left","card_color_scheme":"background-2","card_border_thickness":0,"card_border_opacity":10,"card_corner_radius":0,"card_shadow_opacity":0,"card_shadow_horizontal_offset":0,"card_shadow_vertical_offset":4,"card_shadow_blur":5,"collection_card_style":"card","blog_card_color_scheme":"scheme-1","text_boxes_border_thickness":0,"text_boxes_border_opacity":10,"text_boxes_radius":0,"text_boxes_shadow_opacity":0,"text_boxes_shadow_horizontal_offset":0,"text_boxes_shadow_vertical_offset":4,"text_boxes_shadow_blur":5,"media_border_thickness":1,"media_border_opacity":5,"media_radius":0,"media_shadow_opacity":0,"media_shadow_horizontal_offset":0,"media_shadow_vertical_offset":4,"media_shadow_blur":5,"popup_border_thickness":1,"popup_border_opacity":10,"popup_corner_radius":0,"popup_shadow_opacity":0,"popup_shadow_horizontal_offset":0,"popup_shadow_vertical_offset":4,"popup_shadow_blur":5,"drawer_border_thickness":1,"drawer_border_opacity":10,"drawer_shadow_opacity":0,"drawer_shadow_horizontal_offset":0,"drawer_shadow_vertical_offset":4,"drawer_shadow_blur":5,"badge_position":"top left","badge_corner_radius":40,"sale_badge_color_scheme":"accent-2","sold_out_badge_color_scheme":"inverse","brand_image":"shopify:\/\/shop_images\/facebook.svg","social_facebook_link":"https:\/\/www.facebook.com\/people\/Ailsas-Wigs\/61551824160663\/","social_instagram_link":"https:\/\/www.instagram.com\/ailsaswigs\/","social_youtube_link":"https:\/\/www.youtube.com\/@AilsasUKWigs","social_tiktok_link":"https:\/\/www.tiktok.com\/@ailsas_uk_wigs","social_twitter_link":"","social_snapchat_link":"","social_pinterest_link":"https:\/\/uk.pinterest.com\/AilsasWigs\/","social_tumblr_link":"","social_vimeo_link":"","predictive_search_enabled":true,"predictive_search_show_vendor":false,"predictive_search_show_price":false,"currency_code_enabled":false,"cart_type":"page","show_vendor":false,"show_cart_note":false,"sections":{"announcement-bar":{"type":"announcement-bar","blocks":{"announcement-bar-0":{"type":"announcement","settings":{"text":"Welcome to our store","link":""}}},"block_order":["announcement-bar-0"],"settings":{}},"header":{"type":"header","settings":{"logo_position":"middle-left","menu":"main-menu","show_line_separator":true,"color_scheme":"background-1","margin_bottom":0,"padding_top":20,"padding_bottom":20}},"footer":{"type":"footer","blocks":{"footer-0":{"type":"link_list","settings":{"heading":"Quick links","menu":"footer"}},"footer-1":{"type":"link_list","settings":{"heading":"Info","menu":"footer"}},"footer-2":{"type":"text","settings":{"heading":"Our mission","subtext":"<p>Share contact information, store details, and brand content with your customers.<\/p>"}}},"block_order":["footer-0","footer-1","footer-2"],"settings":{"color_scheme":"background-1","newsletter_enable":true,"newsletter_heading":"Subscribe to our emails","show_social":true,"enable_country_selector":false,"enable_language_selector":false,"payment_enable":true,"margin_top":48,"padding_top":36,"padding_bottom":36}},"main-password-header":{"type":"main-password-header","settings":{"color_scheme":"background-1"}},"main-password-footer":{"type":"main-password-footer","settings":{"color_scheme":"background-1"}},"popup":{"type":"popup","settings":{"popup_title":"Exclusive offers","coupon_code":"STORE5"}}},"content_for_index":[],"blocks":{"4571859552318407796":{"type":"shopify:\/\/apps\/glo-color-swatch-variant-image\/blocks\/app-embed-block\/4394f710-096c-4021-bbde-8ebb26057c11","disabled":true,"settings":{"customCssGCW":""}},"5090109986002810125":{"type":"shopify:\/\/apps\/mag-form-builder\/blocks\/formBuilder\/a1074dc9-da75-4be4-856f-aa55cf4ede25","disabled":false,"settings":{"success_title":"Success!","success_text":"Mail sent successfully.","svg_color":"#82ce34","button_color":"#82ce34"}},"9624546937244602370":{"type":"shopify:\/\/apps\/redirect-hero\/blocks\/app\/303f77a4-ad21-4d11-82f8-47eb94136aff","disabled":false,"settings":{}},"14041968213898805026":{"type":"shopify:\/\/apps\/aov-free-gift-bxgy\/blocks\/app-embed-free-gift\/de98edfe-90fa-4145-8a57-1055e0058723","disabled":false,"settings":{}},"14327677521557774844":{"type":"shopify:\/\/apps\/simprosys-google-shopping-feed\/blocks\/core_settings_block\/1f0b859e-9fa6-4007-97e8-4513aff5ff3b","disabled":false,"settings":{}},"15393088698543645836":{"type":"shopify:\/\/apps\/essential-preorder\/blocks\/app-embed\/bb7e7a06-2a82-4e7d-8984-c3918deb1c2a","disabled":false,"settings":{}},"6336745680221154022":{"type":"shopify:\/\/apps\/avada-seo-suite\/blocks\/avada-seo\/15507c6e-1aa3-45d3-b698-7e175e033440","disabled":false,"settings":{}},"4804304946286255945":{"type":"shopify:\/\/apps\/avada-cookie-consent\/blocks\/app-embed\/deacc407-65bc-4a4e-84d9-f90e9e492cf3","disabled":false,"settings":{}},"15659862187755629035":{"type":"shopify:\/\/apps\/bookx\/blocks\/app-embed\/865cd10f-9515-4d8b-8e41-efece9c83f71","disabled":false,"settings":{"enable_cart_validation":true}},"14710238943034738919":{"type":"shopify:\/\/apps\/air-product-reviews\/blocks\/app-embed\/c4e1e9ca-4d46-4e76-bc39-7e42417cb327","disabled":false,"settings":{"air_reviews_json_ld_v2":"{\n\"@context\": \"http:\/\/schema.org\",\n\"@type\": \"Product\",\n\"name\": {{ product.title | json }},\n\"description\": {{ product.description | escape | truncate: 150 | json }},\n\"image\": {{ product.featured_image | json }},\n\"aggregateRating\": {\n  \"@type\": \"AggregateRating\",\n  \"ratingValue\": {{ product.metafields.reviews.rating.value.rating | default: product.metafields.air_reviews_product.review_avg | json }},\n  \"bestRating\": {{ product.metafields.reviews.rating.value.scale_max | json }},\n  \"reviewCount\": {{ product.metafields.air_reviews_product.review_count | json }}\n }{% if shop.metafields.air_reviews_has_ugc_content.data.value == true %}, \n  \"review\":[{% assign reviewsData = product.metafields.air_reviews_product.data.value.reviews %}\n  {% for review in reviewsData limit: 10 %}\n    {\n      \"@type\": \"Review\",\n      \"author\": {\n        \"@type\": \"Person\",\n        \"name\": {{ review.firstName | json }}\n      },\n      \"reviewRating\": {\n          \"@type\": \"Rating\",\n          \"bestRating\": {{ product.metafields.reviews.rating.value.scale_max | json }},\n          \"ratingValue\": {{ review.rate | json }},\n          \"worstRating\": {{ product.metafields.reviews.rating.value.scale_min | json }}\n      },\n      \"reviewBody\": {{ review.content | json }},\n      \"datePublished\": {{ review.createdAt | date: \"%Y-%m-%d %H:%M:%S\" | json }}\n    }{% unless forloop.last %},{% endunless %} \n  {% endfor %}]{% endif %}\n}"}},"14060646107696862457":{"type":"shopify:\/\/apps\/judge-me-reviews\/blocks\/judgeme_core\/61ccd3b1-a9f2-4160-9fe9-4fec8413e5d8","disabled":false,"settings":{}}},"color_schemes":{"scheme-1":{"settings":{"background":"#ffffff","background_gradient":"","text":"#121212","button":"#121212","button_label":"#ffffff","secondary_button_label":"#121212","shadow":"#121212"}},"scheme-2":{"settings":{"background":"#f3f3f3","background_gradient":"","text":"#121212","button":"#121212","button_label":"#f3f3f3","secondary_button_label":"#121212","shadow":"#121212"}},"scheme-3":{"settings":{"background":"#242833","background_gradient":"","text":"#ffffff","button":"#ffffff","button_label":"#000000","secondary_button_label":"#ffffff","shadow":"#121212"}},"scheme-4":{"settings":{"background":"#121212","background_gradient":"","text":"#ffffff","button":"#ffffff","button_label":"#121212","secondary_button_label":"#ffffff","shadow":"#121212"}},"scheme-5":{"settings":{"background":"#334fb4","background_gradient":"","text":"#ffffff","button":"#ffffff","button_label":"#334fb4","secondary_button_label":"#ffffff","shadow":"#121212"}},"scheme-daa82468-327f-4b40-abdd-4de5131af6e2":{"settings":{"background":"#ffffff","background_gradient":"linear-gradient(90deg, rgba(255, 167, 105, 1), rgba(251, 121, 107, 1) 100%)","text":"#121212","button":"#121212","button_label":"#ffffff","secondary_button_label":"#121212","shadow":"#121212"}},"scheme-c4493a51-ba25-4371-b18d-42588b14f604":{"settings":{"background":"#ffffff","background_gradient":"linear-gradient(0deg, rgba(69, 27, 21, 1), rgba(7, 3, 2, 1) 100%)","text":"#ffffff","button":"#121212","button_label":"#ffffff","secondary_button_label":"#121212","shadow":"#121212"}},"scheme-3a5d6283-91b0-4a68-a3f8-b4e7620b8049":{"settings":{"background":"#fbf2f4","background_gradient":"","text":"#121212","button":"#121212","button_label":"#ffffff","secondary_button_label":"#121212","shadow":"#121212"}},"scheme-1b500e72-ec53-4cdd-87bb-f91c054c7f85":{"settings":{"background":"#fff9f9","background_gradient":"","text":"#121212","button":"#121212","button_label":"#ffffff","secondary_button_label":"#121212","shadow":"#121212"}},"scheme-c7c0fcaf-71f0-4c17-b72e-c36257515819":{"settings":{"background":"#fff1ef","background_gradient":"","text":"#121212","button":"#121212","button_label":"#ffffff","secondary_button_label":"#121212","shadow":"#121212"}}}},"presets":{"Default":{"logo_width":90,"color_schemes":{"scheme-1":{"settings":{"background":"#FFFFFF","background_gradient":"","text":"#121212","button":"#121212","button_label":"#FFFFFF","secondary_button_label":"#121212","shadow":"#121212"}},"scheme-2":{"settings":{"background":"#F3F3F3","background_gradient":"","text":"#121212","button":"#121212","button_label":"#F3F3F3","secondary_button_label":"#121212","shadow":"#121212"}},"scheme-3":{"settings":{"background":"#242833","background_gradient":"","text":"#FFFFFF","button":"#FFFFFF","button_label":"#000000","secondary_button_label":"#FFFFFF","shadow":"#121212"}},"scheme-4":{"settings":{"background":"#121212","background_gradient":"","text":"#FFFFFF","button":"#FFFFFF","button_label":"#121212","secondary_button_label":"#FFFFFF","shadow":"#121212"}},"scheme-5":{"settings":{"background":"#334FB4","background_gradient":"","text":"#FFFFFF","button":"#FFFFFF","button_label":"#334FB4","secondary_button_label":"#FFFFFF","shadow":"#121212"}}},"type_header_font":"assistant_n4","heading_scale":100,"type_body_font":"assistant_n4","body_scale":100,"page_width":1200,"spacing_sections":0,"spacing_grid_horizontal":8,"spacing_grid_vertical":8,"animations_reveal_on_scroll":true,"animations_hover_elements":"none","buttons_border_thickness":1,"buttons_border_opacity":100,"buttons_radius":0,"buttons_shadow_opacity":0,"buttons_shadow_horizontal_offset":0,"buttons_shadow_vertical_offset":4,"buttons_shadow_blur":5,"variant_pills_border_thickness":1,"variant_pills_border_opacity":55,"variant_pills_radius":40,"variant_pills_shadow_opacity":0,"variant_pills_shadow_horizontal_offset":0,"variant_pills_shadow_vertical_offset":4,"variant_pills_shadow_blur":5,"inputs_border_thickness":1,"inputs_border_opacity":55,"inputs_radius":0,"inputs_shadow_opacity":0,"inputs_shadow_horizontal_offset":0,"inputs_shadow_vertical_offset":4,"inputs_shadow_blur":5,"card_style":"standard","card_image_padding":0,"card_text_alignment":"left","card_color_scheme":"scheme-2","card_border_thickness":0,"card_border_opacity":10,"card_corner_radius":0,"card_shadow_opacity":0,"card_shadow_horizontal_offset":0,"card_shadow_vertical_offset":4,"card_shadow_blur":5,"collection_card_style":"standard","collection_card_image_padding":0,"collection_card_text_alignment":"left","collection_card_color_scheme":"scheme-2","collection_card_border_thickness":0,"collection_card_border_opacity":10,"collection_card_corner_radius":0,"collection_card_shadow_opacity":0,"collection_card_shadow_horizontal_offset":0,"collection_card_shadow_vertical_offset":4,"collection_card_shadow_blur":5,"blog_card_style":"standard","blog_card_image_padding":0,"blog_card_text_alignment":"left","blog_card_color_scheme":"scheme-2","blog_card_border_thickness":0,"blog_card_border_opacity":10,"blog_card_corner_radius":0,"blog_card_shadow_opacity":0,"blog_card_shadow_horizontal_offset":0,"blog_card_shadow_vertical_offset":4,"blog_card_shadow_blur":5,"text_boxes_border_thickness":0,"text_boxes_border_opacity":10,"text_boxes_radius":0,"text_boxes_shadow_opacity":0,"text_boxes_shadow_horizontal_offset":0,"text_boxes_shadow_vertical_offset":4,"text_boxes_shadow_blur":5,"media_border_thickness":1,"media_border_opacity":5,"media_radius":0,"media_shadow_opacity":0,"media_shadow_horizontal_offset":0,"media_shadow_vertical_offset":4,"media_shadow_blur":5,"popup_border_thickness":1,"popup_border_opacity":10,"popup_corner_radius":0,"popup_shadow_opacity":5,"popup_shadow_horizontal_offset":0,"popup_shadow_vertical_offset":4,"popup_shadow_blur":5,"drawer_border_thickness":1,"drawer_border_opacity":10,"drawer_shadow_opacity":0,"drawer_shadow_horizontal_offset":0,"drawer_shadow_vertical_offset":4,"drawer_shadow_blur":5,"badge_position":"bottom left","badge_corner_radius":40,"sale_badge_color_scheme":"scheme-4","sold_out_badge_color_scheme":"scheme-3","brand_headline":"","brand_description":"<p><\/p>","brand_image_width":100,"social_twitter_link":"","social_facebook_link":"","social_pinterest_link":"","social_instagram_link":"","social_tiktok_link":"","social_tumblr_link":"","social_snapchat_link":"","social_youtube_link":"","social_vimeo_link":"","predictive_search_enabled":true,"predictive_search_show_vendor":false,"predictive_search_show_price":false,"currency_code_enabled":true,"cart_type":"notification","show_vendor":false,"show_cart_note":false,"cart_drawer_collection":"","cart_color_scheme":"scheme-1","sections":{"main-password-header":{"type":"main-password-header","settings":{"color_scheme":"scheme-1"}},"main-password-footer":{"type":"main-password-footer","settings":{"color_scheme":"scheme-1"}}}}}}